App,Package,Start Time,Duration,Filename
"System",,"Dec 9, 2019 @ 03:45:47 AM","45 sec","myfile.db"

Time  [ms],"Battery Remaining (%) [%]",Time  [ms],"Battery Status",Time  [ms],"Memory Usage [KB]",Time  [ms],"Screen Brightness",Time  [ms],"Battery Power* [uW]",Time  [ms],"GPU Frequency [KHz]",Time  [ms],"GPU Load [%]",Time  [ms],"CPU Load [%]",Time  [ms],"CPU Load (Normalized) [%]",Time  [ms],"CPU1 Frequency [kHz]",Time  [ms],"CPU2 Frequency [kHz]",Time  [ms],"CPU3 Frequency [kHz]",Time  [ms],"CPU4 Frequency [kHz]",Time  [ms],"CPU1 Load [%]",Time  [ms],"CPU2 Load [%]",Time  [ms],"CPU3 Load [%]",Time  [ms],"CPU4 Load [%]",Time  [ms],"Application State",Description,
14,100,14,1,3,985976,5,255,6,976594,14,320000,14,0,15,23,17,1,0,2265600,3,960000,5,0,6,0,2,26,4,17,5,0,6,0,6,0,,
33,100,32,1,187,986548,189,255,190,1088780,190,320000,191,0,191,22,194,10,186,1574400,188,2265600,189,0,189,0,187,30,188,22,189,0,190,0,190,0,,
190,100,190,1,237,986764,239,255,240,1161794,240,320000,241,0,242,25,244,9,236,2265600,237,2265600,238,0,239,0,237,40,238,0,239,0,240,0,240,0,,
240,100,240,1,337,984188,339,255,339,1304822,340,320000,340,0,341,25,343,12,336,2265600,338,2265600,338,0,339,0,337,22,338,27,339,0,339,0,339,0,,
340,100,340,1,438,984604,440,255,441,1002874,442,320000,442,0,443,15,445,7,436,2265600,438,2265600,439,0,440,0,437,10,439,20,440,0,441,0,441,0,,
441,100,441,1,538,984604,540,255,540,1130008,541,320000,541,0,542,22,546,11,537,1958400,538,2265600,539,0,540,0,538,22,539,22,539,0,540,0,540,0,,
540,100,540,1,638,984712,640,255,640,1495525,641,320000,641,0,642,31,644,13,637,2265600,638,2265600,639,0,640,0,638,50,639,11,640,0,640,0,640,0,,
640,100,640,1,739,985084,740,255,741,1209470,741,320000,742,0,742,22,744,11,737,2265600,739,2265600,740,0,740,0,738,33,740,10,740,0,741,0,741,0,,
741,100,741,1,839,985332,840,255,841,685035,841,320000,842,0,843,5,846,4,838,2265600,839,2265600,840,0,841,0,838,10,840,0,840,0,841,0,841,0,,
841,100,841,1,939,985580,941,255,942,716265,943,320000,943,0,945,20,948,6,938,1497600,940,2265600,941,0,942,0,939,30,941,0,941,0,942,0,942,0,,
942,100,942,1,1043,985828,1048,255,1050,591918,1052,320000,1053,0,1056,15,1061,5,1038,960000,1044,960000,1046,0,1048,0,1042,30,1046,0,1047,0,1049,0,1049,0,,
1050,100,1051,1,1140,986076,1142,255,1142,1535545,1142,320000,1143,0,1143,29,1146,9,1139,2265600,1140,960000,1141,0,1142,0,1140,62,1141,11,1141,0,1142,0,1142,0,,
1142,100,1142,1,1240,986324,1242,255,1242,812171,1243,320000,1254,0,1255,17,1257,6,1239,2265600,1241,960000,1241,0,1242,0,1240,18,1241,0,1242,0,1242,0,1242,0,,
1243,100,1243,1,1341,985984,1343,255,1344,1662982,1344,320000,1345,0,1346,50,1349,19,1339,1497600,1341,2265600,1342,0,1343,0,1341,54,1342,50,1343,0,1343,0,1343,0,,
1344,100,1344,1,1442,985984,1445,255,1446,591918,1447,320000,1447,0,1448,15,1451,3,1440,960000,1443,2265600,1445,0,1445,0,1442,30,1444,0,1445,0,1446,0,1446,0,,
1446,100,1446,1,1542,985984,1545,255,1546,939304,1547,320000,1548,0,1549,20,1552,10,1540,1958400,1542,2265600,1543,0,1545,0,1541,22,1543,10,1544,0,1545,0,1546,0,,
1547,100,1547,1,1643,986104,1645,255,1646,739870,1647,320000,1647,0,1648,11,1651,2,1640,960000,1643,2265600,1644,0,1645,0,1642,25,1644,10,1645,0,1646,0,1646,0,,
1646,100,1647,1,1742,986104,1745,255,1746,1002874,1747,320000,1748,0,1749,14,1752,7,1741,2265600,1742,2265600,1743,0,1745,0,1742,20,1743,10,1744,0,1746,0,1746,0,,
1746,100,1747,1,1843,986104,1845,255,1846,598498,1847,320000,1848,0,1848,16,1852,3,1841,960000,1843,2265600,1845,0,1846,0,1842,33,1844,0,1845,0,1846,0,1846,0,,
1846,100,1847,1,1950,986228,1959,255,1962,565597,1967,320000,1969,0,1971,12,1980,3,1943,960000,1951,2265600,1955,0,1960,0,1948,18,1955,0,1957,0,1962,0,1962,0,,
1964,100,1964,1,2043,986228,2045,255,2046,1654445,2046,320000,2047,0,2047,31,2054,12,2042,2265600,2043,2265600,2044,0,2045,0,2043,60,2044,11,2045,0,2045,0,2046,0,,
2046,100,2046,1,2147,986228,2150,255,2151,565597,2151,320000,2152,0,2153,9,2157,3,2142,960000,2148,960000,2149,0,2150,0,2145,18,2149,0,2150,0,2151,0,2151,0,,
2151,100,2151,1,2245,986228,2247,255,2248,967283,2249,320000,2249,0,2250,22,2254,8,2243,2265600,2245,960000,2246,0,2247,0,2244,25,2246,20,2247,0,2248,0,2248,0,,
2248,100,2248,1,2345,986224,2348,255,2349,632438,2350,320000,2351,0,2352,19,2356,6,2343,1190400,2346,960000,2347,0,2349,0,2345,18,2347,18,2348,0,2349,0,2349,0,,
2349,100,2350,1,2445,986224,2447,255,2448,1183728,2448,320000,2449,0,2449,25,2451,10,2443,2265600,2445,960000,2446,0,2447,0,2444,40,2446,10,2446,0,2447,0,2448,0,,
2448,100,2448,1,2549,986348,2551,255,2552,966497,2553,320000,2553,0,2554,30,2561,9,2546,1190400,2549,2265600,2551,0,2551,0,2548,33,2550,20,2551,0,2552,0,2552,0,,
2552,100,2552,1,2645,986348,2646,255,2647,1161794,2647,320000,2648,0,2648,15,2650,5,2644,2265600,2645,2265600,2646,0,2647,0,2645,30,2646,10,2646,0,2647,0,2647,0,,
2647,100,2647,1,2745,986348,2747,255,2748,591918,2749,320000,2749,0,2750,15,2752,6,2744,960000,2745,2265600,2747,0,2747,0,2745,30,2746,0,2747,0,2748,0,2748,0,,
2748,100,2748,1,2846,986348,2848,255,2849,700927,2849,320000,2850,0,2850,5,2852,2,2845,2265600,2846,2265600,2847,0,2848,0,2845,11,2847,0,2847,0,2848,0,2848,0,,
2849,100,2849,1,2946,986348,2948,255,2949,605078,2950,320000,2950,0,2951,19,2953,5,2945,960000,2947,2265600,2948,0,2948,0,2946,36,2947,0,2948,0,2949,0,2949,0,,
2949,100,2949,1,3053,986348,3059,255,3061,565597,3063,320000,3065,0,3066,18,3072,3,3047,960000,3055,2265600,3057,0,3060,0,3051,18,3056,0,3058,0,3060,0,3061,0,,
3061,100,3062,1,3149,986348,3152,255,3155,670880,3156,320000,3157,0,3158,31,3162,6,3146,960000,3149,960000,3151,0,3153,0,3148,66,3151,0,3152,0,3154,0,3154,0,,
3155,100,3155,1,3249,986464,3253,255,3257,550243,3262,320000,3263,0,3270,10,3287,2,3247,960000,3250,960000,3252,0,3254,0,3248,11,3251,0,3252,0,3254,0,3256,0,,
3258,100,3258,1,3348,987812,3349,255,3350,3037046,3350,320000,3350,0,3351,81,3353,33,3346,2265600,3348,2265600,3349,0,3349,0,3347,70,3348,88,3349,0,3349,0,3349,0,,
3350,100,3350,1,3448,988308,3451,255,3453,2274232,3454,320000,3455,0,3457,59,3462,29,3447,2265600,3449,2265600,3450,0,3451,0,3448,10,3449,100,3451,0,3453,0,3453,0,,
3453,100,3453,1,3549,988556,3551,255,3551,2330588,3552,320000,3553,0,3554,75,3557,35,3547,1267200,3549,2265600,3550,0,3551,0,3548,50,3550,100,3550,0,3551,0,3551,0,,
3551,100,3552,1,3650,989052,3657,255,3662,2181114,3664,320000,3666,0,3669,68,3681,29,3648,960000,3651,2265600,3654,0,3659,0,3649,30,3653,100,3655,0,3659,0,3661,0,,
3662,100,3662,1,3749,989052,3750,255,3751,2909910,3751,320000,3752,0,3752,71,3755,31,3748,2265600,3749,2265600,3750,0,3751,0,3748,50,3750,100,3750,0,3751,0,3751,0,,
3751,100,3751,1,3849,990172,3851,255,3853,2433151,3854,320000,3854,0,3855,63,3857,31,3848,2265600,3850,2265600,3851,0,3852,0,3849,20,3851,100,3851,0,3853,0,3853,0,,
3853,100,3853,1,3950,991340,3952,255,3952,1653706,3953,320000,3953,0,3954,38,3958,19,3948,1497600,3950,2265600,3951,0,3952,0,3949,40,3951,55,3951,0,3952,0,3906,1,started,
3952,100,3952,1,4051,990584,4053,255,4054,1090611,4054,320000,4055,0,4056,38,4058,11,4049,960000,4051,2265600,4052,0,4053,0,4050,40,4052,30,4053,0,4054,0,3952,1,started,
4054,100,4054,1,4151,986768,4154,255,4155,765519,4156,320000,4156,0,4158,35,4161,12,4149,960000,4152,1267200,4153,0,4154,0,4151,11,4153,50,4154,0,4155,0,4054,1,started,
4155,100,4155,1,4250,987140,4252,255,4253,2224982,4253,320000,4253,0,4254,73,4256,18,4249,2265600,4251,960000,4252,0,4252,0,4250,100,4251,50,4252,0,4252,0,4155,1,started,
4253,100,4253,1,4351,987460,4352,255,4353,2162988,4353,320000,4353,0,4354,55,4356,22,4350,2265600,4351,2265600,4352,0,4352,0,4350,66,4352,37,4352,0,4353,0,4253,1,started,
4353,100,4353,1,4452,987832,4456,255,4457,2544395,4458,320000,4458,0,4459,61,4465,31,4450,2265600,4452,2265600,4455,0,4456,0,4451,27,4454,100,4456,0,4457,0,4353,1,started,
4457,100,4457,1,4553,988080,4557,255,4559,2181114,4560,320000,4561,0,4562,65,4566,30,4551,960000,4554,2265600,4556,0,4558,0,4552,30,4556,100,4557,0,4558,0,4457,1,started,
4559,100,4559,1,4652,988576,4655,255,4656,2214015,4656,320000,4657,0,4658,71,4661,29,4651,960000,4653,2265600,4654,0,4655,0,4652,45,4654,100,4655,0,4656,0,4558,1,started,
4656,100,4656,1,4760,988576,4771,255,4777,2174534,4780,320000,4781,0,4787,69,4797,29,4753,960000,4760,2265600,4768,0,4773,0,4757,27,4767,100,4770,0,4775,0,4656,1,started,
4778,100,4778,1,4852,990144,4854,255,4854,3227750,4855,320000,4855,0,4856,80,4858,39,4851,2265600,4853,2265600,4853,0,4854,0,4852,70,4853,100,4854,0,4854,0,4775,1,started,
4854,100,4855,1,4953,993440,4955,255,4956,3021154,4957,320000,4957,0,4958,78,4963,39,4951,2265600,4953,2265600,4954,0,4955,0,4952,76,4954,81,4955,0,4956,0,4854,1,started,
4956,100,4956,1,5053,993256,5054,255,5055,1511417,5055,320000,5056,0,5056,30,5058,15,5052,2265600,5053,2265600,5054,0,5055,0,5053,44,5054,18,5054,0,5055,0,4956,1,started,
5055,100,5055,1,5153,993380,5155,255,5156,805574,5156,320000,5157,0,5157,19,5160,8,5152,1728000,5154,1267200,5155,0,5156,0,5153,27,5155,10,5155,0,5156,0,5055,1,started,
5156,100,5156,1,5254,990288,5255,255,5255,1445958,5256,320000,5256,0,5257,54,5259,18,5252,2265600,5254,1267200,5255,0,5255,0,5253,40,5254,66,5255,0,5255,0,5156,1,started,
5256,100,5256,1,5354,990816,5358,255,5360,2639747,5362,320000,5362,0,5365,71,5368,30,5353,2265600,5355,2265600,5357,0,5359,0,5354,33,5357,100,5358,0,5360,0,5255,1,started,
5360,100,5361,1,5456,991188,5457,255,5458,2719207,5458,320000,5458,0,5459,60,5461,31,5454,2265600,5456,2265600,5457,0,5457,0,5455,38,5456,100,5457,0,5457,0,5360,1,started,
5458,100,5458,1,5555,991436,5557,255,5557,2306016,5558,320000,5558,0,5559,57,5561,28,5554,2265600,5556,2265600,5556,0,5557,0,5555,90,5556,22,5557,0,5557,0,5457,1,started,
5558,100,5558,1,5656,991784,5657,255,5658,2766883,5658,320000,5658,0,5659,68,5661,35,5654,2265600,5656,2265600,5657,0,5657,0,5655,41,5656,100,5657,0,5657,0,5557,1,started,
5658,100,5658,1,5756,991908,5757,255,5758,2242447,5758,320000,5759,0,5759,57,5761,27,5755,1958400,5756,2265600,5757,0,5758,0,5755,11,5757,100,5757,0,5758,0,5657,1,started,
5758,100,5758,1,5856,993248,5858,255,5858,2592071,5859,320000,5859,0,5859,65,5861,31,5855,2265600,5856,2265600,5857,0,5858,0,5856,30,5857,100,5857,0,5858,0,5758,1,started,
5858,100,5858,1,5957,993916,5958,255,5959,2258340,5959,320000,5960,0,5960,55,5962,25,5955,2265600,5957,2265600,5958,0,5958,0,5956,54,5957,55,5958,0,5959,0,5858,1,started,
5959,100,5959,1,6057,994040,6059,255,6060,1050550,6061,320000,6061,0,6062,19,6064,8,6056,2265600,6058,2265600,6059,0,6059,0,6057,33,6058,0,6059,0,6060,0,5959,1,started,
6060,100,6060,1,6158,990840,6160,255,6160,1355542,6161,320000,6161,0,6162,42,6165,16,6156,2265600,6158,1267200,6159,0,6160,0,6157,40,6159,45,6159,0,6160,0,6060,1,started,
6161,100,6161,1,6258,991496,6260,255,6261,2201422,6261,320000,6262,0,6263,55,6277,25,6256,2265600,6258,1267200,6260,0,6260,0,6258,100,6259,20,6260,0,6261,0,6160,1,started,
6261,100,6261,1,6358,988852,6359,255,6360,2464935,6360,320000,6361,0,6361,64,6363,21,6357,2265600,6358,2265600,6359,0,6360,0,6357,22,6359,100,6359,0,6360,0,6261,1,started,
6360,100,6360,1,6458,989100,6459,255,6460,2607963,6460,320000,6461,0,6461,63,6464,32,6457,2265600,6458,2265600,6459,0,6460,0,6458,41,6459,90,6459,0,6460,0,6360,1,started,
6460,100,6460,1,6564,989560,6571,255,6572,2162673,6573,320000,6574,0,6575,65,6578,29,6558,1267200,6565,2265600,6570,0,6572,0,6562,11,6570,100,6571,0,6572,0,6460,1,started,
6573,100,6573,1,6659,989808,6660,255,6661,3116506,6661,320000,6661,0,6662,76,6665,33,6657,2265600,6659,2265600,6660,0,6660,0,6658,63,6659,100,6660,0,6660,0,6572,1,started,
6661,100,6661,1,6762,990968,6771,255,6777,2201422,6778,320000,6779,0,6780,66,6793,31,6758,1267200,6764,2265600,6768,0,6772,0,6760,20,6767,100,6769,0,6774,0,6661,1,started,
6777,100,6778,1,6859,991116,6861,255,6861,3068830,6862,320000,6862,0,6863,76,6871,38,6858,2265600,6859,2265600,6860,0,6861,0,6859,72,6860,88,6861,0,6861,0,6777,1,started,
6861,100,6861,1,6960,991164,6962,255,6962,1316906,6963,320000,6964,0,6965,17,6967,11,6958,2265600,6960,2265600,6961,960000,6962,0,6959,25,6961,22,6961,20,6962,0,6861,1,started,
6963,100,6963,1,7060,991164,7062,255,7063,1193578,7067,320000,7068,0,7069,16,7072,11,7059,2265600,7060,2265600,7061,960000,7063,0,7059,12,7061,30,7062,0,7063,0,6962,1,started,
7063,100,7067,1,7160,987780,7162,255,7162,1119123,7163,320000,7163,0,7164,18,7166,12,7159,2265600,7160,1267200,7161,0,7162,0,7160,30,7161,27,7161,0,7162,0,7063,1,started,
7162,100,7162,1,7260,987916,7262,255,7262,2085558,7263,320000,7263,0,7264,63,7266,26,7259,2265600,7261,1267200,7262,0,7262,0,7260,90,7261,30,7262,0,7262,0,7162,1,started,
7263,100,7263,1,7361,988432,7362,255,7363,2115312,7363,320000,7364,0,7365,55,7367,26,7359,2265600,7361,1267200,7362,0,7362,0,7360,100,7362,0,7362,0,7363,0,7262,1,started,
7363,100,7363,1,7461,988556,7463,255,7463,2750991,7464,320000,7464,0,7465,68,7466,31,7460,2265600,7461,2265600,7462,0,7463,0,7461,100,7462,40,7462,0,7463,0,7363,1,started,
7463,100,7463,1,7561,989016,7563,255,7563,2274232,7564,320000,7564,0,7565,57,7567,26,7560,2265600,7561,2265600,7562,0,7563,0,7561,55,7562,55,7563,0,7563,0,7463,1,started,
7563,100,7563,1,7661,989140,7663,255,7663,2687423,7664,320000,7665,0,7665,66,7667,34,7660,2265600,7662,2265600,7662,0,7663,0,7661,36,7662,100,7663,0,7663,0,7563,1,started,
7664,100,7664,1,7762,989896,7765,255,7767,2287533,7767,320000,7768,0,7771,70,7779,32,7761,1267200,7763,2265600,7764,0,7766,0,7762,40,7764,100,7765,0,7766,0,7663,1,started,
7767,100,7767,1,7862,991236,7864,255,7865,2449043,7865,320000,7866,0,7866,55,7869,26,7861,2265600,7862,2265600,7863,0,7864,0,7862,55,7863,66,7863,0,7864,0,7766,1,started,
7865,100,7865,1,7962,991236,7964,255,7965,1002874,7965,320000,7965,0,7966,15,7968,6,7961,2265600,7962,2265600,7963,0,7964,0,7962,30,7963,0,7964,0,7964,0,7865,1,started,
7965,100,7965,1,8065,989688,8067,255,8067,1241254,8068,320000,8068,0,8068,19,8070,9,8064,2265600,8065,2265600,8066,0,8067,0,8065,25,8066,20,8066,0,8067,0,7964,1,started,
8067,100,8067,1,8163,988544,8166,255,8167,1955447,8167,320000,8168,0,8168,61,8171,22,8162,1267200,8164,2265600,8165,0,8166,0,8163,33,8165,81,8166,0,8166,0,8067,1,started,
8167,100,8167,1,8267,989024,8272,255,8274,2184200,8276,320000,8277,0,8279,56,8286,27,8263,1267200,8268,2265600,8270,0,8273,0,8265,16,8270,100,8271,0,8274,0,8167,1,started,
8274,100,8274,1,8364,989064,8365,255,8366,2989370,8366,320000,8367,0,8367,77,8369,37,8363,2265600,8364,2265600,8365,0,8366,0,8363,55,8365,100,8365,0,8366,0,8274,1,started,
8366,100,8366,1,8464,989560,8466,255,8466,2592071,8467,320000,8467,0,8468,65,8471,32,8463,2265600,8465,2265600,8465,0,8466,0,8464,30,8465,100,8466,0,8466,0,8366,1,started,
8466,100,8466,1,8565,989560,8567,255,8568,2307049,8569,320000,8569,0,8570,60,8573,28,8563,1574400,8566,2265600,8567,0,8568,0,8565,27,8566,100,8567,0,8568,0,8466,1,started,
8568,100,8568,1,8665,990228,8667,255,8668,2270311,8669,320000,8669,0,8670,66,8673,30,8664,1267200,8666,2265600,8667,0,8668,0,8665,36,8666,100,8667,0,8668,0,8568,1,started,
8668,100,8668,1,8766,991624,8770,255,8775,2150141,8777,320000,8780,0,8781,66,8783,27,8764,1267200,8767,2265600,8768,0,8772,0,8766,45,8768,90,8770,0,8775,0,8668,1,started,
8775,100,8777,1,8865,991920,8867,255,8867,1479633,8868,320000,8868,0,8869,23,8871,11,8864,2265600,8866,2265600,8866,0,8867,0,8865,30,8866,30,8867,0,8867,0,8775,1,started,
8867,100,8868,1,8966,991920,8969,255,8970,668143,8971,320000,8972,0,8973,10,8976,4,8965,1267200,8967,1574400,8968,0,8969,0,8966,0,8968,20,8969,0,8970,0,8867,1,started,
8970,100,8971,1,9066,988608,9068,255,9069,1810364,9069,320000,9070,0,9070,54,9073,18,9065,2265600,9067,1574400,9068,0,9068,0,9066,54,9067,60,9068,0,9069,0,8970,1,started,
9069,100,9069,1,9166,989116,9168,255,9169,2201422,9170,320000,9170,0,9171,60,9173,26,9165,1267200,9167,2265600,9168,0,9168,0,9166,20,9167,100,9168,0,9169,0,9069,1,started,
9169,100,9169,1,9267,989576,9268,255,9269,2480827,9269,320000,9269,0,9270,63,9272,30,9265,2265600,9267,2265600,9268,0,9268,0,9266,90,9267,33,9268,0,9268,0,9169,1,started,
9269,100,9269,1,9368,989768,9371,255,9372,2210033,9373,320000,9375,0,9377,66,9382,30,9366,2265600,9368,1267200,9370,0,9371,0,9367,100,9370,22,9371,0,9372,0,9268,1,started,
9372,100,9373,1,9468,989476,9470,255,9471,2352115,9471,320000,9472,0,9472,76,9475,31,9466,2265600,9468,1267200,9469,0,9470,0,9467,100,9469,55,9470,0,9471,0,9372,1,started,
9471,100,9471,1,9568,989476,9573,255,9575,2287533,9577,320000,9579,0,9581,72,9590,31,9567,2265600,9569,1267200,9571,0,9573,0,9568,100,9570,40,9571,0,9574,0,9471,1,started,
9575,100,9575,1,9668,990172,9670,255,9670,2639747,9670,320000,9671,0,9671,60,9673,31,9667,2265600,9668,2265600,9669,0,9670,0,9668,100,9669,33,9669,0,9670,0,9575,1,started,
9670,100,9670,1,9769,991144,9771,255,9772,2171668,9773,320000,9774,0,9775,69,9778,30,9767,2265600,9769,1267200,9770,0,9771,0,9768,90,9770,50,9771,0,9772,0,9670,1,started,
9772,100,9773,1,9870,991144,9873,255,9874,712198,9875,320000,9876,0,9877,10,9880,3,9868,2265600,9870,1267200,9872,0,9873,0,9869,9,9871,10,9872,0,9874,0,9772,1,started,
9874,100,9875,1,9970,990724,9973,255,9975,1050235,9976,320000,9977,0,9978,25,9981,10,9968,2265600,9971,1267200,9972,0,9974,0,9969,30,9972,11,9973,0,9974,0,9874,1,started,
9976,100,9976,1,10070,988088,10072,255,10073,1969693,10073,320000,10074,0,10074,60,10077,25,10068,2265600,10070,1267200,10071,0,10072,0,10069,80,10071,40,10072,0,10072,0,9974,1,started,
10073,100,10073,1,10170,988584,10173,255,10174,2158367,10175,320000,10176,0,10177,55,10180,26,10169,2265600,10171,1267200,10172,0,10174,0,10170,100,10172,10,10173,0,10174,0,10073,1,started,
10175,100,10175,1,10270,988760,10273,255,10273,1986915,10274,320000,10275,0,10276,63,10279,26,10269,2265600,10271,1267200,10272,0,10273,0,10270,80,10272,44,10272,0,10273,0,10174,1,started,
10273,100,10274,1,10371,989032,10384,255,10385,2158367,10385,320000,10386,0,10387,59,10390,27,10369,2265600,10372,1267200,10373,0,10384,0,10371,100,10373,10,10384,0,10385,0,10273,1,started,
10385,100,10385,1,10471,989280,10472,255,10473,2512611,10473,320000,10473,0,10474,60,10476,23,10469,2265600,10471,2265600,10472,0,10472,0,10470,25,10471,100,10472,0,10472,0,10385,1,started,
10473,100,10473,1,10571,989404,10572,255,10573,2115312,10573,320000,10584,0,10585,57,10587,27,10570,2265600,10571,2265600,10572,0,10573,0,10570,0,10572,100,10572,0,10573,0,10472,1,started,
10573,100,10573,1,10671,990788,10673,255,10673,2639747,10674,320000,10674,0,10675,66,10677,33,10670,2265600,10671,2265600,10672,0,10673,0,10671,33,10672,100,10672,0,10673,0,10573,1,started,
10673,100,10673,1,10772,991332,10775,255,10777,1377070,10778,320000,10778,0,10779,45,10783,18,10770,1267200,10773,2265600,10774,0,10776,0,10772,50,10774,40,10775,0,10776,0,10673,1,started,
10777,100,10777,1,10873,991332,10876,255,10877,887010,10878,320000,10878,0,10879,10,10882,3,10871,1267200,10873,2265600,10875,0,10876,0,10872,10,10874,20,10875,0,10876,0,10776,1,started,
10877,100,10877,1,10972,988472,10974,255,10974,1495525,10975,320000,10975,0,10976,31,10978,13,10971,2265600,10972,2265600,10973,0,10974,0,10972,36,10973,25,10973,0,10974,0,10877,1,started,
10974,100,10974,1,11073,989080,11077,255,11077,2274232,11079,320000,11079,0,11081,55,11086,27,11072,2265600,11075,2265600,11076,0,11077,0,11073,10,11076,100,11077,0,11077,0,10974,1,started,
11078,100,11078,1,11173,989452,11175,255,11176,2330588,11177,320000,11177,0,11178,75,11181,33,11172,1267200,11174,2265600,11175,0,11176,0,11173,50,11174,100,11175,0,11176,0,11077,1,started,
11176,100,11176,1,11274,989528,11276,255,11278,2098474,11279,320000,11280,0,11281,63,11284,27,11272,1267200,11274,2265600,11275,0,11276,0,11273,33,11275,90,11275,0,11278,0,11176,1,started,
11278,100,11278,1,11373,989896,11375,255,11375,2830451,11376,320000,11376,0,11376,71,11378,35,11372,2265600,11374,2265600,11374,0,11375,0,11373,45,11374,100,11375,0,11375,0,11278,1,started,
11375,100,11375,1,11474,989896,11475,255,11476,2544395,11476,320000,11476,0,11477,61,11479,31,11472,2265600,11474,2265600,11475,0,11475,0,11473,27,11474,100,11475,0,11475,0,11375,1,started,
11476,100,11476,1,11574,991344,11576,255,11576,2750991,11576,320000,11577,0,11577,69,11579,33,11573,2265600,11574,2265600,11575,0,11576,0,11574,50,11575,90,11575,0,11576,0,11475,1,started,
11576,100,11576,1,11674,991888,11676,255,11677,1320714,11678,320000,11678,0,11679,21,11681,10,11673,2265600,11675,2265600,11676,0,11676,0,11674,30,11675,20,11676,0,11676,0,11576,1,started,
11677,100,11677,1,11775,991888,11777,255,11777,839619,11778,320000,11779,0,11779,11,11781,5,11773,2265600,11775,1958400,11776,0,11777,0,11774,11,11776,12,11776,0,11777,0,11677,1,started,
11778,100,11778,1,11875,987660,11877,255,11878,1574985,11878,320000,11879,0,11880,33,11886,15,11874,2265600,11875,2265600,11876,0,11877,0,11874,30,11876,36,11877,0,11877,0,11777,1,started,
11878,100,11878,1,11975,988156,11977,255,11977,2544395,11978,320000,11978,0,11979,61,11981,27,11974,2265600,11975,2265600,11976,0,11977,0,11975,100,11976,27,11976,0,11977,0,11878,1,started,
11977,100,11977,1,12075,988776,12077,255,12077,2464935,12078,320000,12078,0,12090,66,12092,32,12074,2265600,12076,2265600,12076,0,12077,0,12075,100,12076,22,12077,0,12077,0,11977,1,started,
12077,100,12077,1,12176,988348,12178,255,12179,2373643,12179,320000,12180,0,12181,77,12183,34,12175,2265600,12176,1267200,12178,0,12178,0,12176,100,12177,60,12178,0,12179,0,12077,1,started,
12179,100,12179,1,12276,988328,12278,255,12278,2703315,12278,320000,12279,0,12279,72,12281,25,12275,2265600,12276,2265600,12277,0,12278,0,12276,37,12277,100,12277,0,12278,0,12179,1,started,
12278,100,12278,1,12376,988344,12378,255,12378,2201422,12379,320000,12379,0,12380,60,12382,29,12375,1267200,12377,2265600,12377,0,12378,0,12376,20,12377,100,12378,0,12378,0,12278,1,started,
12378,100,12378,1,12477,989080,12478,255,12479,2544395,12479,320000,12479,0,12480,61,12482,31,12475,2265600,12477,2265600,12478,0,12478,0,12476,27,12478,100,12478,0,12479,0,12378,1,started,
12479,100,12479,1,12580,990580,12585,255,12586,2227640,12590,320000,12592,0,12593,79,12595,33,12577,1267200,12581,2265600,12584,0,12585,0,12578,63,12583,90,12584,0,12585,0,12479,1,started,
12588,100,12588,1,12678,991080,12680,255,12681,1919450,12682,320000,12682,0,12683,25,12686,17,12677,2265600,12679,2265600,12679,2265600,12681,1036800,12678,40,12679,45,12680,0,12681,16,12586,1,started,
12681,100,12682,1,12779,991080,12781,255,12783,772592,12783,320000,12784,0,12785,10,12789,8,12777,1267200,12779,1728000,12780,2265600,12782,1036800,12778,0,12780,10,12781,10,12782,0,12681,1,started,
12783,100,12783,1,12880,988692,12882,255,12884,1171287,12885,320000,12885,0,12886,20,12891,12,12878,1267200,12880,1267200,12881,2265600,12883,960000,12879,18,12881,22,12882,27,12884,20,12782,1,started,
12884,100,12884,1,12980,987704,12983,255,12994,917917,12995,320000,12995,0,12996,53,12998,15,12978,1267200,12981,1267200,12982,0,12983,0,12980,37,12982,54,12982,0,12994,0,12884,1,started,
12994,100,12994,1,13080,988124,13081,255,13082,2592071,13082,320000,13083,0,13083,52,13085,27,13079,2265600,13080,2265600,13081,0,13081,0,13079,30,13081,100,13081,0,13082,0,12994,1,started,
13082,100,13082,1,13180,988356,13182,255,13182,2433151,13183,320000,13183,0,13184,63,13185,29,13179,2265600,13180,2265600,13181,0,13182,0,13180,50,13181,70,13182,0,13182,0,13082,1,started,
13182,100,13182,1,13281,988728,13283,255,13284,2274232,13284,320000,13285,0,13286,57,13288,27,13279,2265600,13281,2265600,13282,0,13283,0,13280,100,13282,10,13283,0,13283,0,13182,1,started,
13284,100,13284,1,13381,988928,13382,255,13383,2750991,13383,320000,13384,0,13384,63,13386,28,13379,2265600,13381,2265600,13382,0,13383,0,13380,40,13382,100,13382,0,13383,0,13284,1,started,
13383,100,13383,1,13481,989052,13483,255,13483,2274232,13483,320000,13484,0,13484,60,13495,30,13480,2265600,13481,2265600,13482,0,13483,0,13481,10,13482,100,13482,0,13483,0,13383,1,started,
13483,100,13483,1,13582,990624,13584,255,13585,1915751,13586,320000,13586,0,13587,66,13590,27,13580,1267200,13582,2265600,13584,0,13585,0,13582,57,13583,72,13584,0,13585,0,13483,1,started,
13585,100,13585,1,13682,991100,13684,255,13685,1542256,13686,320000,13686,0,13687,40,13689,17,13681,1267200,13683,2265600,13684,0,13685,0,13682,33,13683,55,13684,0,13685,0,13585,1,started,
13685,100,13685,1,13783,991100,13786,255,13787,689725,13788,320000,13788,0,13789,18,13793,5,13781,1267200,13784,1267200,13785,0,13786,0,13782,20,13785,18,13786,0,13787,0,13685,1,started,
13787,100,13787,1,13883,987860,13885,255,13886,1351237,13887,320000,13887,0,13888,44,13891,14,13881,1267200,13883,2265600,13885,0,13886,0,13882,44,13885,40,13885,0,13886,0,13787,1,started,
13886,100,13886,1,13987,988492,13992,255,13994,2158367,13996,320000,13998,0,14000,59,14006,27,13982,1267200,13987,2265600,13990,0,13993,0,13985,10,13989,100,13991,0,13994,0,13886,1,started,
13995,100,13996,1,14083,988864,14085,255,14085,2909910,14086,320000,14086,0,14086,72,14088,33,14082,2265600,14083,2265600,14084,0,14085,0,14083,50,14084,100,14084,0,14085,0,13994,1,started,
14085,100,14085,1,14183,989112,14185,255,14185,1833316,14186,320000,14186,0,14187,63,14189,25,14182,1267200,14184,2265600,14185,0,14185,0,14183,60,14184,66,14185,0,14185,0,14085,1,started,
14186,100,14186,1,14284,989232,14286,255,14286,2592071,14287,320000,14288,0,14288,65,14290,31,14282,2265600,14284,2265600,14285,0,14286,0,14283,100,14285,30,14285,0,14286,0,14185,1,started,
14287,100,14287,1,14384,989240,14386,255,14387,2305461,14387,320000,14388,0,14388,65,14391,31,14383,2265600,14385,1497600,14386,0,14386,0,14384,100,14385,30,14386,0,14387,0,14286,1,started,
14387,100,14387,1,14489,990340,14496,255,14500,2192811,14502,320000,14502,0,14506,64,14515,29,14484,2265600,14491,1267200,14494,0,14498,0,14486,100,14493,18,14496,0,14499,0,14387,1,started,
14500,100,14500,1,14585,991444,14588,255,14589,2766883,14589,320000,14594,0,14596,68,14604,31,14584,2265600,14586,2265600,14587,0,14588,0,14585,81,14587,60,14587,0,14588,0,14499,1,started,
14589,100,14589,1,14685,990356,14687,255,14688,2035852,14689,320000,14689,0,14690,42,14692,21,14684,2265600,14685,2265600,14686,0,14687,0,14685,50,14686,45,14687,0,14688,0,14588,1,started,
14688,100,14688,1,14786,990508,14788,255,14788,612226,14789,320000,14789,0,14790,10,14793,4,14784,1574400,14786,1267200,14787,0,14788,0,14785,0,14787,20,14787,0,14788,0,14688,1,started,
14789,100,14789,1,14886,987336,14887,255,14888,2385476,14888,320000,14888,0,14889,61,14891,26,14884,2265600,14886,2265600,14887,0,14887,0,14885,37,14887,80,14887,0,14888,0,14788,1,started,
14888,100,14888,1,14986,987832,14988,255,14989,2115312,14990,320000,14990,0,14991,55,14995,25,14985,1267200,14987,2265600,14988,0,14989,0,14986,0,14988,100,14988,0,14989,0,14888,1,started,
14989,100,14989,1,15086,987956,15088,255,15088,2544395,15089,320000,15089,0,15089,66,15091,31,15085,2265600,15086,2265600,15087,0,15088,0,15086,37,15087,90,15087,0,15088,0,14989,1,started,
15088,100,15088,1,15187,988080,15188,255,15189,2353692,15189,320000,15190,0,15190,57,15192,26,15185,2265600,15187,2265600,15188,0,15188,0,15186,60,15188,55,15188,0,15189,0,15088,1,started,
15189,100,15189,1,15287,988452,15288,255,15289,2115312,15289,320000,15290,0,15290,55,15292,25,15286,2265600,15287,2265600,15288,0,15289,0,15287,0,15288,100,15288,0,15289,0,15189,1,started,
15289,100,15289,1,15387,989060,15389,255,15389,2464935,15390,320000,15390,0,15391,63,15393,29,15386,2265600,15388,2265600,15388,0,15389,0,15387,22,15388,100,15389,0,15389,0,15289,1,started,
15389,100,15390,1,15487,990424,15489,255,15489,2194772,15490,320000,15490,0,15491,55,15495,26,15486,2265600,15488,2265600,15489,0,15489,0,15487,25,15488,80,15489,0,15489,0,15389,1,started,
15490,100,15490,1,15588,990424,15589,255,15590,1161794,15590,320000,15591,0,15591,21,15593,7,15587,2265600,15588,2265600,15589,0,15589,0,15587,40,15589,0,15589,0,15590,0,15489,1,started,
15590,100,15590,1,15688,987348,15690,255,15690,1130010,15690,320000,15691,0,15691,20,15693,9,15687,2265600,15688,2265600,15689,0,15690,0,15688,27,15689,11,15689,0,15690,0,15590,1,started,
15690,100,15690,1,15789,987676,15791,255,15792,1493319,15792,320000,15793,0,15794,55,15796,19,15787,2265600,15789,1267200,15790,0,15791,0,15788,40,15790,77,15791,0,15792,0,15690,1,started,
15792,100,15792,1,15889,988016,15891,255,15892,2115312,15892,320000,15893,0,15894,52,15897,27,15888,2265600,15889,2265600,15890,0,15891,0,15889,90,15890,10,15891,0,15891,0,15792,1,started,
15892,100,15892,1,15990,988264,15992,255,15994,2201422,15995,320000,15997,0,15998,63,16005,26,15988,2265600,15990,1267200,15991,0,15993,0,15989,100,15991,20,15992,0,15993,0,15892,1,started,
15995,100,15995,1,16089,988636,16091,255,16091,2909910,16092,320000,16092,0,16093,72,16095,36,16088,2265600,16090,2265600,16091,0,16091,0,16089,50,16090,100,16091,0,16091,0,15993,1,started,
16091,100,16092,1,16190,989008,16191,255,16192,2512611,16192,320000,16193,0,16193,59,16195,31,16189,2265600,16190,2265600,16191,0,16191,0,16189,25,16191,100,16191,0,16192,0,16091,1,started,
16192,100,16192,1,16290,989140,16292,255,16292,2687423,16293,320000,16293,0,16294,66,16297,35,16289,2265600,16290,2265600,16291,0,16292,0,16290,36,16291,100,16292,0,16292,0,16192,1,started,
16292,100,16293,1,16391,990508,16394,255,16394,1885613,16395,320000,16395,0,16396,65,16398,25,16389,1267200,16391,2265600,16393,0,16394,0,16390,50,16393,72,16393,0,16394,0,16292,1,started,
16394,100,16394,1,16491,991168,16492,255,16495,2019960,16496,320000,16496,0,16497,44,16499,22,16489,2265600,16491,2265600,16492,0,16492,0,16490,44,16492,50,16492,0,16495,0,16394,1,started,
16495,100,16495,1,16592,991084,16594,255,16595,1431958,16596,320000,16597,0,16597,36,16600,12,16590,2265600,16592,1958400,16593,0,16594,0,16591,57,16593,0,16593,0,16595,0,16495,1,started,
16595,100,16596,1,16692,991168,16695,255,16696,728090,16697,320000,16698,0,16699,10,16702,3,16690,2265600,16693,1267200,16694,0,16695,0,16691,10,16694,10,16695,0,16696,0,16595,1,started,
16696,100,16697,1,16792,988672,16793,255,16794,2496719,16794,320000,16794,0,16795,63,16797,23,16790,2265600,16792,2265600,16793,0,16793,0,16791,44,16792,80,16793,0,16794,0,16696,1,started,
16794,100,16794,1,16892,988672,16895,255,16896,2274232,16897,320000,16898,0,16899,55,16902,27,16891,2265600,16893,2265600,16894,0,16896,0,16892,100,16894,10,16895,0,16896,0,16794,1,started,
16897,100,16897,1,16992,988920,16994,255,16995,2592071,16995,320000,16995,0,16996,63,16998,26,16991,2265600,16993,2265600,16994,0,16994,0,16992,30,16993,100,16994,0,16994,0,16896,1,started,
16995,100,16995,1,17093,989044,17094,255,17095,2194772,17096,320000,17096,0,17097,52,17099,25,17091,2265600,17093,2265600,17094,0,17095,0,17092,72,17094,33,17094,0,17095,0,16994,1,started,
17095,100,17095,1,17194,989008,17197,255,17199,2192811,17199,320000,17200,0,17201,55,17205,26,17192,2265600,17195,1267200,17196,0,17198,0,17194,100,17196,18,17197,0,17198,0,17095,1,started,
17199,100,17199,1,17295,989272,17298,255,17299,2192811,17300,320000,17300,0,17301,57,17313,27,17293,2265600,17295,1267200,17297,0,17298,0,17294,100,17296,18,17297,0,17298,0,17198,1,started,
17299,100,17299,1,17394,989588,17395,255,17396,2588120,17397,320000,17397,0,17398,75,17400,31,17393,1728000,17394,2265600,17395,0,17396,0,17394,54,17395,100,17395,0,17396,0,17299,1,started,
17396,100,17397,1,17495,990436,17499,255,17501,2623855,17502,320000,17503,0,17504,63,17507,30,17493,2265600,17496,2265600,17498,0,17500,0,17495,62,17497,70,17498,0,17500,0,17396,1,started,
17501,100,17502,1,17595,990600,17597,255,17597,1257146,17598,320000,17598,0,17599,25,17600,4,17594,2265600,17596,2265600,17596,0,17597,0,17595,36,17596,10,17597,0,17597,0,17501,1,started,
17597,100,17597,1,17695,990600,17696,255,17697,1130010,17697,320000,17698,0,17698,19,17700,9,17694,2265600,17695,2265600,17696,0,17697,0,17695,22,17696,16,17696,0,17697,0,17597,1,started,
17697,100,17697,1,17796,987384,17798,255,17799,999722,17800,320000,17800,0,17801,55,17804,18,17794,1267200,17796,1267200,17798,0,17799,0,17796,40,17797,70,17798,0,17799,0,17697,1,started,
17799,100,17799,1,17897,987752,17901,255,17902,2290124,17903,320000,17904,0,17906,61,17915,25,17895,2265600,17899,2265600,17900,0,17901,0,17897,11,17899,100,17901,0,17901,0,17799,1,started,
17902,100,17902,1,17996,988228,17997,255,17998,2703315,17999,320000,17999,0,18000,68,18002,30,17995,2265600,17996,2265600,17997,0,17998,0,17996,37,17997,100,17997,0,17998,0,17902,1,started,
17998,100,17998,1,18097,988476,18100,255,18103,2115312,18104,320000,18105,0,18108,60,18116,27,18095,2265600,18097,2265600,18099,0,18101,0,18097,0,18098,100,18100,0,18102,0,17998,1,started,
18103,100,18103,1,18196,988724,18198,255,18198,2750991,18199,320000,18199,0,18200,66,18202,32,18195,2265600,18197,2265600,18197,0,18198,0,18196,40,18197,100,18198,0,18198,0,18102,1,started,
18198,100,18198,1,18297,989128,18300,255,18301,2166978,18301,320000,18302,0,18303,61,18310,27,18296,1267200,18298,2265600,18299,0,18300,0,18297,12,18299,100,18299,0,18300,0,18198,1,started,
18301,100,18301,1,18397,990848,18400,255,18401,2909910,18402,320000,18402,0,18403,72,18405,35,18396,2265600,18398,2265600,18399,0,18400,0,18397,50,18398,100,18399,0,18401,0,18300,1,started,
18401,100,18401,1,18497,990772,18499,255,18499,1654445,18500,320000,18500,0,18501,35,18502,17,18496,2265600,18498,2265600,18498,0,18499,0,18497,44,18498,27,18499,0,18499,0,18401,1,started,
18499,100,18499,1,18598,990772,18599,255,18600,700927,18600,320000,18600,0,18601,5,18603,2,18596,2265600,18598,1728000,18599,0,18599,0,18597,11,18599,0,18599,0,18600,0,18499,1,started,
18600,100,18600,1,18699,987824,18701,255,18701,1240308,18702,320000,18703,0,18704,36,18707,17,18697,1267200,18699,2265600,18700,0,18701,0,18698,33,18700,36,18700,0,18701,0,18600,1,started,
18702,100,18702,1,18803,988692,18810,255,18812,2162673,18816,320000,18817,0,18818,65,18821,27,18798,1267200,18805,2265600,18807,0,18811,0,18802,11,18807,100,18808,0,18812,0,18701,1,started,
18815,100,18816,1,18899,988940,18900,255,18901,2814559,18901,320000,18901,0,18902,66,18904,30,18897,2265600,18899,2265600,18900,0,18900,0,18898,44,18900,100,18900,0,18900,0,18812,1,started,
18901,100,18901,1,18999,989188,19001,255,19003,2433151,19005,320000,19005,0,19007,63,19011,31,18998,2265600,19000,2265600,19001,0,19002,0,18999,20,19000,100,19001,0,19003,0,18901,1,started,
19003,100,19003,1,19099,989436,19101,255,19102,2375182,19102,320000,19103,0,19103,65,19106,35,19098,1497600,19100,2265600,19101,0,19101,0,19099,41,19100,100,19101,0,19102,0,19003,1,started,
19102,100,19102,1,19200,989912,19202,255,19203,2270311,19205,320000,19208,0,19210,69,19219,30,19199,1267200,19201,2265600,19202,0,19203,0,19200,36,19201,100,19202,0,19203,0,19102,1,started,
19203,100,19203,1,19300,991444,19302,255,19303,2373643,19304,320000,19304,0,19306,73,19311,34,19299,1267200,19301,2265600,19302,0,19303,0,19300,60,19301,100,19302,0,19303,0,19203,1,started,
19303,100,19303,1,19402,991444,19405,255,19406,1102217,19407,320000,19407,0,19408,26,19410,10,19400,1267200,19403,2265600,19404,0,19405,0,19401,12,19404,33,19405,0,19406,0,19303,1,started,
19406,100,19406,1,19500,991444,19502,255,19502,1018766,19503,320000,19503,0,19504,11,19507,7,19499,2265600,19501,2265600,19501,0,19502,0,19500,11,19501,20,19502,0,19502,0,19406,1,started,
19502,100,19503,1,19601,988564,19604,255,19605,1553212,19605,320000,19606,0,19607,56,19609,21,19600,1267200,19602,2265600,19603,0,19604,0,19601,54,19603,50,19603,0,19605,0,19502,1,started,
19605,100,19605,1,19701,989060,19702,255,19703,2687423,19703,320000,19704,0,19705,66,19708,32,19700,2265600,19701,2265600,19702,0,19703,0,19701,36,19702,100,19702,0,19703,0,19605,1,started,
19703,100,19703,1,19801,989308,19803,255,19803,2639747,19804,320000,19804,0,19805,68,19807,30,19800,2265600,19802,2265600,19802,0,19803,0,19801,33,19802,100,19803,0,19803,0,19703,1,started,
19803,100,19803,1,19902,989540,19903,255,19908,2464935,19909,320000,19910,0,19912,61,19917,30,19901,2265600,19902,2265600,19903,0,19905,0,19902,100,19903,22,19903,0,19906,0,19803,1,started,
19908,100,19908,1,20002,989540,20015,255,20015,2592071,20016,320000,20016,0,20017,68,20019,33,20001,2265600,20002,2265600,20014,0,20015,0,20002,30,20014,100,20015,0,20015,0,19907,1,started,
20015,100,20015,1,20102,989616,20105,255,20105,2693197,20105,320000,20106,0,20107,72,20109,35,20101,1958400,20103,2265600,20104,0,20105,0,20102,50,20103,100,20104,0,20105,0,20015,1,started,
20105,100,20105,1,20203,990736,20205,255,20206,2592071,20207,320000,20208,0,20209,63,20211,31,20202,2265600,20204,2265600,20205,0,20206,0,20203,50,20205,80,20205,0,20206,0,20105,1,started,
20207,100,20207,1,20304,990940,20306,255,20307,780202,20308,320000,20308,0,20309,11,20311,5,20302,2265600,20304,1497600,20305,0,20306,0,20303,12,20305,10,20306,0,20307,0,20206,1,started,
20307,100,20307,1,20404,990940,20406,255,20407,811801,20407,320000,20408,0,20408,15,20410,5,20402,2265600,20404,1497600,20405,0,20406,0,20403,10,20405,20,20405,0,20406,0,20307,1,started,
20407,100,20407,1,20504,988120,20506,255,20507,1844224,20507,320000,20508,0,20508,57,20511,25,20503,1497600,20504,2265600,20506,0,20506,0,20504,50,20505,63,20506,0,20507,0,20406,1,started,
20507,100,20507,1,20608,988316,20613,255,20616,2192811,20618,320000,20618,0,20620,59,20626,27,20604,1267200,20608,2265600,20612,0,20614,0,20606,18,20610,100,20612,0,20614,0,20507,1,started,
20616,100,20616,1,20705,988548,20707,255,20708,2439273,20709,320000,20709,0,20710,68,20714,30,20703,1728000,20705,2265600,20706,0,20707,0,20704,37,20706,100,20707,0,20708,0,20615,1,started,
20708,100,20708,1,20805,988672,20807,255,20807,2433151,20808,320000,20808,0,20809,60,20811,24,20804,2265600,20806,2265600,20806,0,20807,0,20805,90,20806,30,20807,0,20807,0,20708,1,started,
20808,100,20808,1,20905,989044,20907,255,20907,2115312,20908,320000,20908,0,20908,55,20910,25,20904,2265600,20905,2265600,20906,0,20907,0,20905,100,20906,0,20906,0,20907,0,20807,1,started,
20907,100,20907,1,21005,989168,21007,255,21007,2210033,21008,320000,21008,0,21009,63,21011,29,21004,2265600,21006,1267200,21006,0,21007,0,21005,100,21006,22,21007,0,21007,0,20907,1,started,
21008,100,21008,1,21106,990504,21107,255,21108,2158367,21108,320000,21109,0,21109,55,21111,26,21104,2265600,21106,1267200,21107,0,21107,0,21105,100,21107,10,21107,0,21108,0,21007,1,started,
21108,100,21108,1,21206,991028,21207,255,21208,1377070,21208,320000,21209,0,21209,45,21211,16,21205,2265600,21206,1267200,21207,0,21208,0,21205,40,21207,50,21207,0,21208,0,21108,1,started,
21208,100,21208,1,21308,990944,21311,255,21313,603615,21314,320000,21314,0,21315,13,21319,3,21305,1267200,21309,1267200,21310,0,21312,0,21307,0,21310,18,21311,0,21312,0,21208,1,started,
21313,100,21313,1,21406,987852,21408,255,21408,1749797,21409,320000,21409,0,21410,40,21412,13,21405,2265600,21407,2265600,21408,0,21408,0,21406,40,21407,37,21408,0,21408,0,21312,1,started,
21409,100,21409,1,21507,988480,21508,255,21509,2115312,21509,320000,21510,0,21510,55,21512,25,21506,1267200,21507,2265600,21508,0,21509,0,21506,0,21508,100,21508,0,21509,0,21408,1,started,
21509,100,21509,1,21607,988852,21609,255,21609,2766883,21610,320000,21610,0,21610,68,21612,33,21606,2265600,21607,2265600,21608,0,21609,0,21607,41,21608,100,21608,0,21609,0,21509,1,started,
21609,100,21609,1,21707,989100,21709,255,21710,2085558,21710,320000,21711,0,21711,60,21713,29,21706,1267200,21708,2265600,21709,0,21709,0,21707,30,21708,90,21709,0,21709,0,21609,1,started,
21710,100,21710,1,21808,989596,21809,255,21810,2512611,21810,320000,21811,0,21811,63,21813,29,21807,2265600,21808,2265600,21809,0,21810,0,21807,25,21809,100,21809,0,21810,0,21710,1,started,
21810,100,21810,1,21908,989596,21910,255,21911,2162673,21911,320000,21912,0,21912,61,21919,27,21907,1267200,21908,2265600,21909,0,21910,0,21908,11,21909,100,21910,0,21910,0,21810,1,started,
21911,100,21911,1,22009,990688,22010,255,22011,2592071,22011,320000,22011,0,22012,65,22014,31,22007,2265600,22009,2265600,22010,0,22010,0,22008,30,22009,100,22010,0,22010,0,21911,1,started,
22011,100,22011,1,22109,991400,22112,255,22113,1891900,22115,320000,22117,0,22118,60,22122,29,22108,1497600,22109,2265600,22110,0,22112,0,22109,50,22110,66,22111,0,22112,0,22010,1,started,
22113,100,22114,1,22209,991492,22211,255,22211,927405,22212,320000,22212,0,22212,12,22216,5,22208,1267200,22209,2265600,22210,0,22211,0,22209,12,22210,22,22210,0,22211,0,22113,1,started,
22211,100,22211,1,22309,991548,22311,255,22311,1000914,22312,320000,22312,0,22313,21,22316,9,22308,1267200,22310,2265600,22310,0,22311,0,22309,18,22310,25,22311,0,22311,0,22211,1,started,
22312,100,22312,1,22411,987992,22413,255,22414,844723,22416,320000,22416,0,22417,40,22421,11,22409,1267200,22411,1267200,22412,0,22413,0,22410,20,22412,54,22413,0,22414,0,22311,1,started,
22415,100,22415,1,22510,988460,22512,255,22512,2560287,22513,320000,22513,0,22514,63,22516,23,22509,2265600,22510,2265600,22511,0,22512,0,22510,40,22511,88,22512,0,22512,0,22414,1,started,
22512,100,22512,1,22611,988932,22613,255,22615,2274232,22617,320000,22617,0,22620,55,22626,27,22609,2265600,22611,2265600,22612,0,22613,0,22610,100,22612,10,22613,0,22615,0,22512,1,started,
22616,100,22617,1,22711,988476,22713,255,22714,1993036,22715,320000,22716,0,22716,70,22719,32,22710,2265600,22712,1497600,22713,0,22714,0,22711,60,22712,81,22713,0,22714,0,22615,1,started,
22715,100,22715,1,22812,988716,22815,255,22817,2201422,22818,320000,22818,0,22819,57,22823,26,22810,2265600,22813,1267200,22815,0,22816,0,22812,100,22814,20,22815,0,22816,0,22714,1,started,
22817,100,22817,1,22913,988964,22915,255,22917,2158367,22918,320000,22918,0,22919,55,22922,26,22911,2265600,22913,1267200,22915,0,22916,0,22912,100,22914,10,22915,0,22916,0,22817,1,started,
22917,100,22917,1,23012,989088,23014,229,23015,1790049,23016,320000,23016,0,23017,60,23019,24,23011,1958400,23012,1958400,23013,0,23014,0,23012,70,23013,44,23014,0,23015,0,22916,1,started,
23015,100,23015,1,23113,989632,23120,229,23122,1836279,23123,320000,23123,0,23124,59,23127,25,23111,1958400,23113,1958400,23120,0,23121,0,23112,100,23119,18,23120,0,23121,0,23015,1,started,
23122,100,23122,1,23214,990604,23218,229,23219,1706412,23219,320000,23220,0,23220,63,23223,24,23212,1958400,23214,1267200,23217,0,23218,0,23213,90,23217,45,23217,0,23218,0,23121,1,started,
23219,100,23219,1,23313,990660,23316,229,23317,658524,23317,320000,23318,0,23319,11,23321,4,23312,1958400,23314,1267200,23315,0,23316,0,23313,12,23315,11,23315,0,23316,0,23218,1,started,
23317,100,23317,1,23414,990656,23416,229,23417,665548,23417,320000,23418,0,23419,14,23421,4,23412,1958400,23414,1267200,23415,0,23416,0,23413,10,23415,18,23415,0,23416,0,23316,1,started,
23417,100,23417,1,23515,987688,23517,229,23519,1618714,23519,320000,23520,0,23521,55,23524,18,23513,1267200,23515,1958400,23516,0,23518,0,23514,30,23516,88,23517,0,23518,0,23417,1,started,
23519,100,23519,1,23617,988232,23625,229,23628,1705740,23629,320000,23629,0,23631,60,23634,25,23613,1267200,23619,1958400,23623,0,23627,0,23617,18,23621,100,23625,0,23627,0,23518,1,started,
23628,100,23628,1,23714,988716,23716,229,23716,2356375,23717,320000,23717,0,23718,78,23720,33,23713,1958400,23715,1958400,23715,0,23716,0,23714,63,23715,100,23716,0,23716,0,23628,1,started,
23716,100,23717,1,23816,989012,23818,229,23818,1859395,23819,320000,23819,0,23820,57,23822,25,23813,1958400,23816,1958400,23817,0,23818,0,23815,100,23817,20,23817,0,23818,0,23716,1,started,
23818,100,23818,1,23915,989504,23917,229,23918,1348041,23919,320000,23919,0,23920,55,23922,21,23914,1958400,23916,1728000,23917,0,23918,0,23915,0,23916,100,23917,0,23918,0,23818,1,started,
23918,100,23919,1,24017,989504,24023,229,24025,1628241,24026,320000,24029,0,24030,57,24032,23,24015,1958400,24019,1958400,24022,0,24024,0,24017,0,24020,100,24022,0,24024,0,23918,1,started,
24025,100,24026,1,24116,990268,24117,229,24118,2090549,24118,320000,24119,0,24119,66,24122,28,24114,1958400,24116,1958400,24117,0,24118,0,24115,40,24117,100,24117,0,24118,0,24024,1,started,
24118,100,24118,1,24217,991328,24219,229,24220,1550727,24221,320000,24223,0,24224,63,24230,24,24215,1267200,24217,1958400,24218,0,24219,0,24216,33,24218,81,24219,0,24219,0,24118,1,started,
24220,100,24220,1,24317,991812,24319,229,24320,2219702,24320,320000,24320,0,24321,57,24324,25,24315,1958400,24317,1958400,24318,1036800,24319,0,24316,66,24318,70,24319,66,24319,0,24220,1,started,
24320,100,24320,1,24417,991812,24419,229,24420,796087,24420,320000,24420,0,24421,10,24424,6,24415,1958400,24417,1958400,24418,1036800,24419,0,24416,18,24418,10,24419,0,24419,0,24320,1,started,
24420,100,24420,1,24517,990972,24519,229,24520,979829,24521,320000,24521,0,24522,16,24526,9,24516,1958400,24517,1958400,24518,960000,24520,0,24517,20,24518,22,24519,10,24520,0,24420,1,started,
24520,100,24520,1,24618,988408,24621,229,24622,928856,24622,320000,24624,0,24626,54,24633,17,24616,1267200,24619,1267200,24620,0,24621,0,24618,66,24620,40,24620,0,24621,0,24520,1,started,
24622,100,24622,1,24718,988872,24720,229,24721,1940299,24722,320000,24722,0,24723,57,24726,25,24717,1958400,24719,1958400,24720,0,24721,0,24718,100,24719,27,24720,0,24721,0,24622,1,started,
24721,100,24722,1,24823,989048,24825,229,24825,2090549,24826,320000,24826,0,24827,71,24829,27,24817,1958400,24823,1958400,24824,0,24825,0,24822,100,24824,40,24824,0,24825,0,24721,1,started,
24825,100,24825,1,24920,989420,24926,229,24927,1705740,24929,320000,24931,0,24933,59,24940,27,24918,1958400,24920,1267200,24924,0,24926,0,24919,100,24922,18,24924,0,24927,0,24825,1,started,
24928,100,24929,1,25019,989792,25021,229,25022,1860739,25023,320000,25023,0,25024,73,25027,28,25018,1958400,25020,1267200,25021,0,25022,0,25019,100,25020,54,25021,0,25022,0,24927,1,started,
25022,100,25022,1,25120,989792,25122,229,25123,1722962,25123,320000,25125,0,25127,66,25133,24,25118,1958400,25120,1267200,25121,0,25122,0,25119,100,25121,22,25122,0,25122,0,25022,1,started,
25123,100,25123,1,25220,990556,25221,229,25222,1882510,25222,320000,25223,0,25223,58,25243,27,25218,1958400,25220,1958400,25221,0,25221,0,25219,100,25221,22,25221,0,25222,0,25122,1,started,
25222,100,25222,1,25320,990956,25326,229,25328,2181452,25329,320000,25329,0,25331,83,25336,34,25319,1958400,25321,1574400,25324,960000,25327,0,25320,90,25322,88,25325,20,25327,0,25222,1,started,
25328,100,25328,1,25421,991360,25425,229,25426,846646,25427,320000,25427,0,25428,16,25432,6,25419,1958400,25422,1267200,25423,960000,25425,0,25421,22,25423,9,25424,37,25426,0,25327,1,started,
25426,100,25426,1,25521,991360,25526,229,25528,520726,25529,320000,25530,0,25531,9,25536,4,25520,1958400,25522,1267200,25524,960000,25526,0,25521,0,25523,0,25525,22,25527,0,25426,1,started,
25528,100,25528,1,25621,988068,25623,229,25634,1463929,25634,320000,25634,0,25635,56,25637,21,25620,1958400,25621,1267200,25622,0,25623,0,25621,72,25622,37,25623,0,25623,0,25527,1,started,
25634,100,25634,1,25721,988312,25723,229,25724,1824722,25724,320000,25724,0,25725,63,25727,24,25720,1958400,25722,1958400,25723,0,25723,0,25721,72,25722,45,25723,0,25723,0,25623,1,started,
25724,100,25724,1,25822,988652,25823,229,25824,2009645,25825,320000,25825,0,25825,66,25828,28,25821,1958400,25822,1958400,25823,0,25824,0,25822,33,25823,100,25823,0,25824,0,25724,1,started,
25824,100,25824,1,25922,988900,25924,229,25925,1755007,25925,320000,25926,0,25927,60,25929,25,25921,1497600,25922,1958400,25924,0,25924,0,25922,20,25923,100,25924,0,25925,0,25824,1,started,
25925,100,25925,1,26023,989380,26025,229,26026,1783239,26026,320000,26027,0,26028,66,26031,27,26021,1267200,26023,1958400,26025,0,26025,0,26023,36,26024,100,26025,0,26026,0,25925,1,started,
26026,100,26026,1,26123,989380,26125,229,26125,2009645,26126,320000,26127,0,26128,68,26131,28,26121,1958400,26123,1958400,26124,0,26125,0,26122,33,26124,100,26124,0,26125,0,26026,1,started,
26125,100,26126,1,26224,990296,26226,229,26226,1783239,26227,320000,26227,0,26228,66,26231,27,26222,1267200,26224,1958400,26225,0,26226,0,26223,36,26225,100,26225,0,26226,0,26125,1,started,
26227,100,26227,1,26323,991356,26326,229,26328,2102106,26329,320000,26329,0,26330,71,26332,29,26322,1958400,26324,1958400,26325,0,26326,0,26323,60,26325,81,26325,0,26326,0,26226,1,started,
26328,100,26328,1,26424,991356,26426,229,26427,911664,26428,320000,26428,0,26429,19,26431,8,26422,1958400,26424,1958400,26425,0,26426,0,26423,27,26425,11,26426,0,26427,0,26327,1,started,
26427,100,26427,1,26525,990768,26529,229,26530,684129,26532,320000,26533,0,26534,14,26538,8,26523,1267200,26526,1958400,26528,0,26529,0,26524,25,26527,9,26528,0,26530,0,26427,1,started,
26531,100,26531,1,26624,988512,26626,229,26627,2067433,26627,320000,26628,0,26628,70,26630,25,26623,1958400,26625,1958400,26626,0,26626,0,26624,72,26625,66,26626,0,26626,0,26530,1,started,
26627,100,26627,1,26725,988988,26728,229,26728,1675601,26729,320000,26729,0,26730,57,26733,23,26724,1267200,26726,1958400,26727,0,26728,0,26725,11,26727,100,26727,0,26728,0,26627,1,started,
26728,100,26728,1,26825,989204,26827,229,26827,2009645,26828,320000,26828,0,26829,68,26831,27,26824,1958400,26825,1958400,26826,0,26827,0,26825,33,26826,100,26826,0,26827,0,26728,1,started,
26827,100,26827,1,26925,989436,26927,229,26928,1928741,26928,320000,26929,0,26929,63,26931,27,26924,1958400,26926,1958400,26927,0,26927,0,26925,90,26926,36,26927,0,26928,0,26827,1,started,
26928,100,26928,1,27026,989804,27027,229,27028,2009645,27028,320000,27028,0,27029,68,27031,28,27024,1958400,27026,1958400,27027,0,27027,0,27025,33,27027,100,27027,0,27028,0,26928,1,started,
27028,100,27028,1,27126,989804,27128,229,27129,1704300,27129,320000,27130,0,27130,61,27133,24,27125,1497600,27126,1958400,27128,0,27128,0,27126,12,27127,100,27128,0,27128,0,27028,1,started,
27129,100,27129,1,27227,991276,27228,229,27229,2148337,27229,320000,27229,0,27230,71,27232,30,27225,1958400,27227,1958400,27228,0,27228,0,27226,45,27227,100,27228,0,27229,0,27129,1,started,
27229,100,27229,1,27327,991704,27329,229,27329,1213664,27330,320000,27330,0,27331,40,27335,16,27325,1497600,27327,1958400,27328,0,27329,0,27326,44,27328,40,27328,0,27329,0,27229,1,started,
27329,100,27329,1,27427,991828,27428,229,27429,853875,27429,320000,27430,0,27430,16,27432,6,27426,1958400,27427,1958400,27428,0,27429,0,27427,33,27428,0,27428,0,27429,0,27329,1,started,
27429,100,27429,1,27481,991284,27484,229,27485,657395,27485,320000,27486,0,27487,23,27489,9,27480,1958400,27482,1958400,27483,0,27484,0,27481,16,27483,0,27483,0,27484,0,27429,1,started,
27485,100,27485,1,27581,989360,27584,229,27584,1579720,27585,320000,27585,0,27586,73,27589,23,27580,1958400,27582,1267200,27583,0,27584,0,27581,66,27583,80,27583,0,27584,0,27484,1,started,
27584,100,27585,1,27682,989132,27685,229,27687,1705740,27688,320000,27688,0,27689,55,27699,23,27680,1958400,27683,1267200,27685,0,27686,0,27682,100,27684,18,27685,0,27686,0,27584,1,started,
27687,100,27687,1,27784,988080,27786,229,27786,2229241,27787,320000,27787,0,27788,76,27790,33,27783,1958400,27784,1958400,27785,0,27786,0,27784,72,27785,80,27786,0,27786,0,27687,1,started,
27786,100,27787,1,27885,988204,27886,229,27887,1882510,27887,320000,27888,0,27888,63,27891,26,27883,1958400,27885,1958400,27886,0,27887,0,27884,100,27886,22,27886,0,27887,0,27786,1,started,
27887,100,27887,1,27985,988676,27987,229,27988,1757406,27989,320000,27989,0,27990,65,27993,26,27983,1958400,27986,1267200,27987,0,27988,0,27985,100,27986,30,27987,0,27988,0,27887,1,started,
27988,100,27988,1,28085,988676,28088,229,28088,1770323,28089,320000,28089,0,28090,63,28093,26,28084,1958400,28086,1267200,28087,0,28088,0,28085,100,28087,33,28087,0,28088,0,27988,1,started,
28088,100,28088,1,28186,989468,28188,229,28189,1679907,28189,320000,28190,0,28192,61,28197,23,28184,1958400,28186,1267200,28187,0,28188,0,28185,100,28187,12,28188,0,28189,0,28088,1,started,
28189,100,28189,1,28286,990932,28287,229,28288,1974972,28288,320000,28289,0,28289,65,28294,28,28284,1958400,28286,1958400,28287,0,28287,0,28285,90,28287,40,28287,0,28288,0,28189,1,started,
28288,100,28288,1,28387,990880,28390,229,28391,726741,28392,320000,28392,0,28393,11,28396,6,28385,1958400,28387,1958400,28389,0,28390,0,28386,0,28388,22,28390,0,28390,0,28288,1,started,
28391,100,28391,1,28486,990880,28488,229,28489,853875,28490,320000,28490,0,28491,19,28494,5,28485,1958400,28487,1958400,28488,0,28489,0,28486,0,28487,33,28488,0,28489,0,28390,1,started,
28489,100,28490,1,28587,988156,28589,229,28590,1424264,28590,320000,28591,0,28591,60,28595,21,28585,1267200,28587,1958400,28588,0,28589,0,28586,60,28588,60,28589,0,28589,0,28489,1,started,
28590,100,28590,1,28691,988700,28700,229,28702,1675601,28704,320000,28707,0,28709,65,28719,25,28687,1267200,28693,1958400,28698,0,28700,0,28689,11,28696,100,28698,0,28701,0,28590,1,started,
28702,100,28703,1,28787,988948,28788,229,28789,2321702,28789,320000,28790,0,28790,75,28792,30,28786,1958400,28787,1958400,28788,0,28789,0,28787,60,28788,100,28788,0,28789,0,28702,1,started,
28789,100,28789,1,28887,988948,28889,229,28889,1720702,28890,320000,28890,0,28891,52,28893,23,28886,1958400,28887,1958400,28888,0,28889,0,28887,88,28888,20,28889,0,28889,0,28789,1,started,
28889,100,28889,1,28988,989320,28989,229,28990,2148337,28990,320000,28990,0,28991,71,28993,29,28986,1958400,28988,1958400,28989,0,28989,0,28987,45,28988,100,28989,0,28989,0,28889,1,started,
28990,100,28990,1,29088,989412,29089,229,29090,1859395,29090,320000,29091,0,29091,60,29095,25,29087,1958400,29088,1958400,29089,0,29090,0,29087,20,29089,100,29089,0,29090,0,28990,1,started,
29090,100,29090,1,29189,991040,29191,229,29193,1770323,29193,320000,29194,0,29195,71,29199,28,29187,1267200,29189,1958400,29190,0,29191,0,29188,33,29190,100,29190,0,29192,0,29090,1,started,
29193,100,29193,1,29289,991464,29291,229,29292,1229371,29292,320000,29293,0,29295,44,29299,16,29287,1267200,29289,1958400,29291,0,29291,0,29288,55,29290,45,29291,0,29292,0,29192,1,started,
29292,100,29292,1,29389,991460,29391,229,29391,599606,29392,320000,29392,0,29392,5,29395,0,29388,1958400,29389,1497600,29390,0,29391,0,29388,11,29390,0,29390,0,29391,0,29292,1,started,
29391,100,29391,1,29489,988412,29491,229,29492,935451,29493,320000,29495,0,29496,34,29503,13,29488,1958400,29489,1267200,29491,0,29492,0,29489,30,29490,27,29491,0,29492,0,29391,1,started,
29492,100,29493,1,29589,988720,29591,229,29591,2009645,29592,320000,29592,0,29593,64,29605,22,29588,1958400,29590,1958400,29591,0,29591,0,29589,33,29590,100,29591,0,29591,0,29492,1,started,
29592,100,29592,1,29690,989092,29691,229,29692,1882510,29692,320000,29693,0,29693,63,29696,26,29689,1958400,29690,1958400,29691,0,29692,0,29689,22,29691,100,29691,0,29692,0,29591,1,started,
29692,100,29692,1,29790,989340,29792,229,29792,1308687,29793,320000,29793,0,29794,59,29796,20,29789,1267200,29790,1958400,29791,0,29792,0,29790,60,29791,50,29791,0,29792,0,29692,1,started,
29792,100,29792,1,29890,989588,29892,229,29892,2067433,29893,320000,29893,0,29894,66,29897,29,29889,1958400,29891,1958400,29891,0,29892,0,29890,61,29891,77,29892,0,29892,0,29792,1,started,
29893,100,29893,1,29991,989960,29994,229,29996,1691624,29996,320000,29997,0,29998,55,30001,23,29989,1958400,29992,1497600,29993,0,29995,0,29991,100,29993,10,29994,0,29995,0,29892,1,started,
29996,100,29996,1,30091,989960,30092,229,30093,1974972,30094,320000,30094,0,30095,60,30097,22,30090,1958400,30091,1958400,30092,0,30093,0,30091,40,30092,90,30092,0,30093,0,29995,1,started,
30093,100,30093,1,30191,990580,30194,229,30195,1535779,30195,320000,30196,0,30197,55,30199,22,30190,1958400,30192,1958400,30193,0,30194,0,30191,81,30193,11,30193,0,30194,0,30093,1,started,
30195,100,30195,1,30292,991832,30293,229,30294,2044318,30295,320000,30295,0,30296,68,30299,28,30290,1958400,30292,1958400,30293,0,30294,0,30291,55,30293,81,30293,0,30294,0,30195,1,started,
30294,100,30294,1,30392,992272,30397,229,30399,1300076,30400,320000,30400,0,30401,54,30404,19,30391,1958400,30392,1267200,30395,0,30398,0,30392,50,30395,58,30396,0,30398,0,30294,1,started,
30399,100,30399,1,30492,991488,30494,229,30495,1501106,30495,320000,30496,0,30497,45,30499,17,30491,1958400,30492,1958400,30493,0,30495,0,30492,45,30493,44,30494,0,30495,0,30398,1,started,
30495,100,30495,1,30593,987992,30596,229,30597,778163,30598,320000,30598,0,30599,36,30604,12,30591,1267200,30594,1267200,30596,0,30597,0,30593,41,30595,30,30596,0,30597,0,30495,1,started,
30597,100,30598,1,30693,988656,30695,229,30695,1671296,30696,320000,30696,0,30696,55,30698,23,30692,1958400,30693,1267200,30694,0,30695,0,30693,100,30694,10,30694,0,30695,0,30597,1,started,
30695,100,30695,1,30794,988952,30798,229,30800,2044318,30802,320000,30802,0,30804,69,30810,27,30792,1958400,30794,1958400,30796,0,30798,0,30793,36,30795,100,30796,0,30799,0,30695,1,started,
30800,100,30800,1,30894,989200,30895,229,30896,1974972,30897,320000,30897,0,30898,64,30900,26,30892,1958400,30894,1958400,30895,0,30896,0,30893,42,30895,88,30895,0,30896,0,30799,1,started,
30896,100,30896,1,30995,989448,30997,229,30998,1744490,30999,320000,31000,0,31001,60,31004,24,30993,1267200,30995,1958400,30996,0,30998,0,30994,27,30996,100,30997,0,30998,0,30896,1,started,
30999,100,30999,1,31099,989696,31105,229,31109,1722962,31110,320000,31112,0,31116,69,31125,26,31094,1267200,31100,1958400,31104,0,31107,0,31097,22,31103,100,31105,0,31107,0,30998,1,started,
31109,100,31110,1,31195,989820,31197,229,31198,2298587,31198,320000,31199,0,31199,72,31202,30,31193,1958400,31195,1958400,31196,0,31197,0,31194,58,31196,100,31196,0,31197,0,31108,1,started,
31198,100,31198,1,31295,991236,31297,229,31298,1743818,31299,320000,31299,0,31300,57,31303,23,31293,1958400,31296,1958400,31297,0,31298,0,31295,20,31296,90,31297,0,31298,0,31197,1,started,
31298,100,31298,1,31395,991548,31397,229,31397,1674472,31398,320000,31398,0,31399,52,31401,20,31394,1958400,31395,1958400,31396,0,31397,0,31395,50,31396,54,31396,0,31397,0,31298,1,started,
31397,100,31397,1,31496,991548,31498,229,31499,515527,31499,320000,31500,0,31501,5,31506,2,31494,1267200,31496,1958400,31497,0,31498,0,31495,10,31497,0,31498,0,31498,0,31397,1,started,
31499,100,31499,1,31596,988784,31598,229,31599,1377361,31599,320000,31600,0,31601,50,31604,19,31595,1267200,31596,1958400,31598,0,31598,0,31596,33,31597,66,31598,0,31599,0,31498,1,started,
31599,100,31599,1,31697,989096,31699,229,31700,1783239,31700,320000,31701,0,31702,66,31706,26,31695,1267200,31697,1958400,31698,0,31699,0,31696,36,31698,100,31699,0,31699,0,31599,1,started,
31700,100,31700,1,31797,989344,31799,229,31799,1770323,31800,320000,31800,0,31801,68,31805,26,31795,1267200,31797,1958400,31798,0,31799,0,31796,33,31798,100,31798,0,31799,0,31700,1,started,
31800,100,31800,1,31897,989696,31898,229,31899,2090549,31899,320000,31900,0,31900,70,31902,26,31895,1958400,31897,1958400,31898,0,31898,0,31896,50,31898,90,31898,0,31899,0,31799,1,started,
31899,100,31899,1,32000,990068,32005,229,32007,1813164,32009,320000,32010,0,32013,58,32019,26,31996,1958400,32000,1958400,32003,0,32006,0,31998,16,32002,100,32005,0,32007,0,31899,1,started,
32008,100,32008,1,32097,990068,32099,229,32099,2263914,32100,320000,32100,0,32101,76,32103,32,32096,1958400,32097,1958400,32098,0,32099,0,32097,55,32098,100,32099,0,32099,0,32007,1,started,
32099,100,32099,1,32198,990956,32202,229,32207,1671296,32209,320000,32210,0,32212,59,32221,26,32196,1267200,32199,1958400,32200,0,32204,0,32198,10,32200,100,32201,0,32205,0,32099,1,started,
32207,100,32207,1,32301,992376,32304,229,32306,2021202,32307,320000,32308,0,32308,66,32311,25,32299,1958400,32301,1958400,32303,0,32305,0,32300,72,32303,62,32304,0,32306,0,32205,1,started,
32306,100,32307,1,32401,992512,32402,229,32403,1570452,32403,320000,32404,0,32404,50,32406,21,32399,1958400,32401,1958400,32402,0,32402,0,32400,40,32402,55,32402,0,32403,0,32306,1,started,
32403,100,32403,1,32501,992512,32503,229,32505,900106,32506,320000,32506,0,32507,15,32510,6,32500,1958400,32502,1958400,32503,0,32504,0,32501,27,32502,10,32503,0,32504,0,32403,1,started,
32505,100,32505,1,32601,989328,32603,229,32603,946337,32605,320000,32605,0,32606,25,32608,8,32600,1958400,32602,1958400,32602,0,32603,0,32601,11,32602,30,32603,0,32603,0,32504,1,started,
32604,100,32604,1,32701,989676,32703,229,32705,2090549,32705,320000,32706,0,32706,70,32709,30,32700,1958400,32702,1958400,32703,0,32703,0,32701,40,32703,100,32703,0,32704,0,32603,1,started,
32705,100,32705,1,32802,989836,32803,229,32805,1974972,32805,320000,32806,0,32807,65,32810,28,32801,1958400,32802,1958400,32803,0,32804,0,32801,30,32803,100,32803,0,32804,0,32704,1,started,
32805,100,32805,1,32902,990084,32905,229,32905,1773315,32906,320000,32906,0,32907,68,32910,29,32901,1574400,32903,1958400,32904,0,32905,0,32902,66,32904,72,32904,0,32905,0,32805,1,started,
32905,100,32905,1,33004,990568,33007,229,33008,1757406,33009,320000,33010,0,33011,65,33014,26,33001,1267200,33005,1958400,33006,0,33007,0,33003,30,33006,100,33007,0,33008,0,32905,1,started,
33008,100,33009,1,33117,991024,33126,229,33127,1757406,33128,320000,33129,0,33130,69,33137,26,33103,1267200,33118,1958400,33125,0,33126,0,33106,30,33124,100,33125,0,33127,0,33008,1,started,
33127,100,33128,1,33203,989972,33210,229,33211,2492114,33213,320000,33214,0,33216,84,33221,34,33202,1958400,33203,1958400,33207,960000,33210,0,33203,70,33206,100,33209,25,33211,0,33127,1,started,
33212,100,33212,1,33304,991664,33308,229,33309,1895388,33309,320000,33310,0,33311,45,33316,25,33302,1728000,33305,1958400,33306,960000,33308,0,33304,25,33306,100,33307,22,33308,0,33211,1,started,
33309,100,33309,1,33405,991780,33408,229,33409,959114,33410,320000,33410,0,33411,35,33416,15,33403,1267200,33405,1958400,33407,960000,33408,0,33404,41,33406,20,33408,36,33409,0,33308,1,started,
33409,100,33409,1,33505,991780,33508,229,33509,702082,33510,320000,33510,0,33511,12,33516,5,33503,1267200,33505,1958400,33507,960000,33509,0,33504,20,33506,9,33508,18,33509,0,33409,1,started,
33509,100,33509,1,33605,988860,33609,229,33610,1256704,33611,320000,33612,0,33613,35,33618,15,33603,1958400,33606,1267200,33607,960000,33609,0,33605,54,33607,27,33609,20,33610,0,33509,1,started,
33610,100,33610,1,33709,989160,33714,229,33715,1672109,33716,320000,33717,0,33718,42,33725,24,33704,1958400,33710,1267200,33712,960000,33714,0,33706,100,33711,0,33713,20,33715,0,33610,1,started,
33716,100,33716,1,33805,989408,33807,229,33808,2206125,33808,320000,33809,0,33809,48,33812,29,33804,1958400,33805,1267200,33806,1958400,33808,0,33805,100,33806,0,33807,50,33808,0,33715,1,started,
33808,100,33808,1,33907,989844,33913,229,33915,1707838,33916,320000,33917,0,33918,43,33922,26,33905,1958400,33908,1267200,33910,1190400,33914,0,33906,100,33910,9,33912,11,33914,0,33808,1,started,
33915,100,33915,1,34007,990016,34008,229,34009,1974972,34009,320000,34010,0,34010,46,34012,27,34005,1958400,34007,1958400,34008,0,34009,0,34006,100,34008,30,34008,0,34009,0,33915,1,started,
34009,100,34009,1,34107,990120,34108,229,34109,1755375,34109,320000,34110,0,34110,57,34112,24,34106,1958400,34107,1958400,34108,0,34109,0,34106,100,34108,11,34108,0,34109,0,34009,1,started,
34109,100,34109,1,34207,990488,34209,229,34210,2044318,34210,320000,34210,0,34211,66,34213,28,34206,1958400,34208,1958400,34208,0,34209,0,34207,100,34208,36,34209,0,34209,0,34109,1,started,
34210,100,34210,1,34308,991780,34310,229,34312,1722962,34313,320000,34314,0,34317,66,34323,27,34306,1958400,34308,1267200,34310,0,34310,0,34307,100,34309,22,34310,0,34311,0,34209,1,started,
34312,100,34312,1,34408,992188,34410,229,34411,1778491,34412,320000,34412,0,34413,52,34416,20,34406,1958400,34408,1958400,34409,0,34410,0,34407,50,34409,63,34410,0,34411,0,34311,1,started,
34411,100,34411,1,34508,992188,34511,229,34512,727491,34512,320000,34513,0,34514,15,34516,9,34507,1497600,34509,1958400,34510,0,34511,0,34508,22,34510,10,34510,0,34511,0,34411,1,started,
34512,100,34512,1,34615,991768,34621,229,34622,1085029,34623,320000,34623,0,34624,30,34626,10,34614,1958400,34616,1958400,34617,0,34621,0,34615,35,34616,18,34621,0,34622,0,34511,1,started,
34622,100,34622,1,34709,989576,34710,229,34711,1231631,34711,320000,34711,0,34712,60,34714,24,34707,1267200,34709,1958400,34710,0,34710,0,34708,77,34709,37,34710,0,34710,0,34622,1,started,
34711,100,34711,1,34809,989948,34812,229,34814,1836279,34815,320000,34816,0,34818,60,34822,24,34808,1958400,34810,1958400,34811,0,34813,0,34809,100,34811,18,34811,0,34814,0,34711,1,started,
34814,100,34814,1,34910,990196,34912,229,34912,1770323,34913,320000,34913,0,34914,68,34918,28,34908,1958400,34910,1267200,34911,0,34912,0,34909,100,34911,33,34911,0,34912,0,34814,1,started,
34912,100,34913,1,35010,990312,35012,229,35013,1757406,35013,320000,35014,0,35015,65,35023,25,35008,1958400,35010,1267200,35011,0,35012,0,35009,100,35011,30,35012,0,35012,0,34912,1,started,
35013,100,35013,1,35110,990684,35111,229,35112,2148337,35112,320000,35113,0,35113,68,35116,30,35109,1958400,35110,1958400,35111,0,35112,0,35109,100,35111,45,35111,0,35112,0,35013,1,started,
35112,100,35112,1,35211,990684,35215,229,35217,1859395,35218,320000,35219,0,35221,63,35225,25,35209,1958400,35212,1958400,35214,0,35216,0,35210,100,35213,20,35215,0,35216,0,35112,1,started,
35218,100,35218,1,35311,992012,35313,229,35315,1881773,35315,320000,35316,0,35317,70,35319,30,35310,1958400,35312,1497600,35313,0,35314,0,35311,100,35312,40,35313,0,35314,0,35217,1,started,
35315,100,35315,1,35411,992860,35413,229,35413,1882510,35414,320000,35414,0,35415,60,35417,23,35410,1958400,35411,1958400,35412,0,35413,0,35411,50,35412,72,35413,0,35413,0,35314,1,started,
35413,100,35414,1,35512,992860,35514,229,35515,796087,35516,320000,35517,0,35518,14,35521,6,35510,1958400,35512,1958400,35513,0,35515,0,35511,18,35513,10,35514,0,35515,0,35413,1,started,
35516,100,35516,1,35613,989984,35615,229,35617,728772,35618,320000,35618,0,35619,16,35629,5,35610,1958400,35613,1267200,35615,0,35616,0,35612,11,35614,30,35615,0,35616,0,35515,1,started,
35617,100,35617,1,35712,989184,35714,229,35715,1691146,35716,320000,35717,0,35718,75,35721,30,35711,1574400,35712,1958400,35713,0,35715,0,35712,100,35713,44,35713,0,35715,0,35617,1,started,
35716,100,35716,1,35813,989680,35817,229,35818,1705740,35819,320000,35820,0,35821,55,35824,21,35811,1958400,35814,1267200,35816,0,35817,0,35813,100,35816,18,35817,0,35818,0,35715,1,started,
35818,100,35819,1,35913,989804,35915,229,35916,2067433,35916,320000,35917,0,35917,70,35920,28,35911,1958400,35913,1958400,35914,0,35915,0,35912,72,35914,66,35914,0,35915,0,35818,1,started,
35916,100,35916,1,36013,989928,36015,229,36016,1940299,36017,320000,36017,0,36018,60,36020,25,36012,1958400,36014,1958400,36015,0,36016,0,36013,100,36014,27,36015,0,36016,0,35915,1,started,
36016,100,36017,1,36116,990300,36123,229,36126,1675601,36127,320000,36129,0,36132,61,36135,25,36112,1958400,36118,1267200,36120,0,36124,0,36115,100,36120,11,36122,0,36124,0,36016,1,started,
36126,100,36126,1,36213,990300,36215,229,36216,2136779,36216,320000,36216,0,36217,70,36219,29,36212,1958400,36214,1958400,36215,0,36215,0,36213,100,36214,44,36215,0,36215,0,36125,1,started,
36216,100,36216,1,36316,991380,36318,229,36319,1598774,36320,320000,36320,0,36322,55,36325,23,36314,1958400,36316,1267200,36317,0,36318,0,36315,90,36317,20,36317,0,36318,0,36215,1,started,
36319,100,36319,1,36415,992124,36417,229,36418,2102106,36418,320000,36419,0,36419,71,36422,25,36414,1958400,36416,1958400,36417,0,36417,0,36415,60,36416,81,36417,0,36418,0,36318,1,started,
36418,100,36418,1,36516,992208,36518,229,36518,727491,36519,320000,36519,0,36520,15,36522,6,36515,1497600,36516,1958400,36517,0,36518,0,36516,22,36517,10,36518,0,36518,0,36397,2,stopped,
36518,100,36519,1,36617,991788,36619,229,36620,524138,36621,320000,36621,0,36622,6,36625,2,36615,1267200,36617,1958400,36618,0,36620,0,36616,12,36618,0,36619,0,36620,0,36418,2,stopped,
36620,100,36621,1,36717,989236,36718,229,36719,1674472,36719,320000,36720,0,36720,50,36722,18,36715,1958400,36717,1958400,36718,0,36719,0,36716,54,36718,50,36718,0,36719,0,36518,2,stopped,
36719,100,36719,1,36817,989236,36819,229,36819,1720702,36820,320000,36820,0,36821,52,36823,23,36816,1958400,36817,1958400,36818,0,36819,0,36817,8,36818,100,36818,0,36819,0,36620,2,stopped,
36819,100,36819,1,36917,989352,36919,229,36920,1817683,36920,320000,36920,0,36921,73,36923,30,36916,1267200,36918,1958400,36919,0,36919,0,36917,44,36918,100,36919,0,36919,0,36719,2,stopped,
36920,100,36920,1,37018,989352,37019,229,37020,1628241,37020,320000,37021,0,37021,52,37034,21,37016,1267200,37018,1958400,37019,0,37020,0,37017,0,37019,100,37019,0,37020,0,36819,2,stopped,
37020,100,37020,1,37118,989476,37120,229,37120,2148337,37121,320000,37121,0,37122,71,37130,30,37117,1958400,37118,1958400,37119,0,37120,0,37118,45,37119,100,37119,0,37120,0,36919,2,stopped,
37120,100,37120,1,37218,989476,37220,229,37221,1722962,37221,320000,37222,0,37222,60,37224,24,37217,1267200,37219,1958400,37220,0,37220,0,37218,22,37220,100,37220,0,37221,0,37020,2,stopped,
37221,100,37221,1,37319,989412,37320,229,37321,1813164,37321,320000,37322,0,37323,60,37325,24,37317,1958400,37319,1958400,37320,0,37321,0,37318,36,37320,80,37320,0,37321,0,37120,2,stopped,
37321,100,37321,1,37419,989544,37421,229,37421,1697587,37422,320000,37422,0,37423,52,37425,22,37418,1958400,37419,1958400,37420,0,37421,0,37419,66,37420,40,37421,0,37421,0,37221,2,stopped,
37421,100,37422,1,37519,989544,37521,229,37522,2240799,37522,320000,37522,0,37523,73,37525,34,37518,1958400,37520,1958400,37521,0,37521,0,37519,53,37520,100,37521,0,37521,0,37321,2,stopped,
37522,100,37522,1,37620,989544,37622,229,37623,1743818,37624,320000,37624,0,37625,57,37627,25,37619,1958400,37620,1958400,37622,0,37622,0,37620,100,37621,10,37622,0,37623,0,37421,2,stopped,
37623,100,37623,1,37720,989656,37723,229,37723,1241372,37724,320000,37725,0,37734,60,37736,21,37719,1958400,37721,1267200,37722,0,37723,0,37720,33,37722,90,37722,0,37723,0,37522,2,stopped,
37723,100,37724,1,37821,989656,37823,229,37824,1714351,37824,320000,37825,0,37825,63,37828,26,37819,1267200,37821,1958400,37822,0,37823,0,37820,20,37822,100,37823,0,37823,0,37623,2,stopped,
37824,100,37824,1,37921,989656,37923,229,37924,1862758,37924,320000,37925,0,37925,72,37928,28,37919,1497600,37921,1958400,37922,0,37923,0,37921,37,37922,100,37923,0,37924,0,37723,2,stopped,
37924,100,37924,1,38021,989656,38023,229,38024,1722962,38025,320000,38025,0,38027,63,38029,24,38020,1267200,38022,1958400,38023,0,38024,0,38021,22,38023,100,38023,0,38024,0,37823,2,stopped,
38024,100,38024,1,38124,989656,38132,229,38133,1671296,38136,320000,38136,0,38140,59,38146,24,38120,1267200,38126,1958400,38130,0,38132,0,38123,10,38130,100,38130,0,38133,0,37924,2,stopped,
38134,100,38134,1,38222,989488,38223,229,38224,2321702,38224,320000,38225,0,38225,77,38228,33,38220,1958400,38222,1958400,38223,0,38224,0,38221,60,38223,100,38223,0,38224,0,38024,2,stopped,
38224,100,38224,1,38322,989548,38325,229,38327,1744490,38329,320000,38333,0,38334,65,38345,27,38321,1267200,38323,1958400,38324,0,38326,0,38322,27,38324,100,38325,0,38326,0,38133,2,stopped,
38327,100,38328,1,38422,989380,38425,229,38425,2742701,38426,320000,38426,0,38427,88,38430,37,38421,1958400,38423,1958400,38424,1190400,38425,0,38422,100,38423,90,38425,20,38425,0,38224,2,stopped,
38426,100,38426,1,38523,989660,38529,229,38531,999400,38532,320000,38533,0,38534,26,38544,18,38522,1958400,38525,1958400,38526,960000,38529,0,38523,11,38525,27,38528,40,38530,0,38327,2,stopped,
38531,100,38531,1,38623,989688,38625,229,38626,1626300,38626,320000,38627,0,38627,45,38630,22,38622,1958400,38623,1958400,38624,960000,38626,0,38623,30,38624,63,38625,36,38626,0,38425,2,stopped,
38626,100,38626,1,38724,989404,38726,229,38727,1750783,38727,320000,38728,0,38729,59,38737,27,38722,1190400,38724,1958400,38725,0,38726,0,38723,33,38725,100,38726,0,38727,0,38530,2,stopped,
38727,100,38727,1,38824,989580,38825,229,38826,1974972,38826,320000,38827,0,38827,65,38829,27,38822,1958400,38824,1958400,38825,0,38825,0,38823,30,38825,100,38825,0,38826,0,38626,2,stopped,
38826,100,38826,1,38925,989952,38927,229,38928,1718170,38929,320000,38929,0,38930,66,38935,28,38923,960000,38925,1958400,38927,0,38928,0,38924,41,38926,100,38927,0,38928,0,38727,2,stopped,
38928,100,38928,1,39024,990200,39026,229,39026,2090549,39027,320000,39027,0,39028,70,39030,29,39023,1958400,39024,1958400,39025,0,39026,0,39024,40,39025,100,39026,0,39026,0,38826,2,stopped,
39026,100,39026,1,39125,990200,39128,229,39129,1694043,39129,320000,39130,0,39131,65,39135,27,39123,960000,39126,1958400,39127,0,39128,0,39125,30,39127,100,39127,0,39128,0,38928,2,stopped,
39129,100,39129,1,39226,991332,39228,229,39231,1672109,39232,320000,39234,0,39237,63,39242,24,39224,960000,39226,1958400,39228,0,39229,0,39225,20,39227,100,39228,0,39230,0,39026,2,stopped,
39231,100,39231,1,39331,992212,39332,229,39333,1651356,39333,320000,39334,0,39334,52,39336,20,39329,1958400,39331,1958400,39332,0,39333,0,39330,33,39332,69,39332,0,39333,0,39129,2,stopped,
39333,100,39333,1,39431,992212,39434,229,39435,796087,39436,320000,39436,0,39437,14,39439,6,39430,1958400,39432,1958400,39433,0,39434,0,39431,18,39433,10,39433,0,39435,0,39230,2,stopped,
39435,100,39435,1,39531,989396,39533,229,39533,1034478,39534,320000,39534,0,39535,43,39537,16,39530,1958400,39531,1267200,39532,0,39533,0,39531,30,39532,50,39533,0,39533,0,39333,2,stopped,
39533,100,39534,1,39635,989936,39639,229,39641,1743818,39643,320000,39644,0,39645,59,39651,21,39631,1958400,39635,1958400,39638,0,39639,0,39633,10,39637,100,39639,0,39640,0,39435,2,stopped,
39641,100,39641,1,39733,990432,39735,229,39737,1750783,39738,320000,39738,0,39739,64,39742,26,39731,1190400,39733,1958400,39735,0,39736,0,39732,33,39734,100,39735,0,39736,0,39533,2,stopped,
39737,100,39737,1,39833,990556,39837,229,39841,1689656,39845,320000,39845,0,39847,73,39853,25,39831,960000,39834,1958400,39836,0,39838,0,39833,28,39835,100,39836,0,39840,0,39641,2,stopped,
39841,100,39843,1,39933,990928,39935,229,39936,2148337,39937,320000,39937,0,39938,68,39940,30,39931,1958400,39933,1958400,39934,0,39935,0,39932,45,39934,100,39935,0,39936,0,39736,2,stopped,
39936,100,39936,1,40033,990928,40035,229,40036,1974972,40037,320000,40038,0,40039,65,40044,28,40032,1958400,40033,1958400,40034,0,40035,0,40033,30,40034,100,40035,0,40036,0,39841,2,stopped,
40036,100,40036,1,40133,991424,40136,229,40137,1882510,40138,320000,40139,0,40140,63,40143,26,40132,1958400,40133,1958400,40135,0,40137,0,40133,22,40135,100,40135,0,40137,0,39936,2,stopped,
40138,100,40138,1,40233,992676,40235,229,40236,1894068,40236,320000,40236,0,40237,63,40239,24,40232,1958400,40234,1958400,40235,0,40235,0,40233,33,40234,90,40235,0,40235,0,40036,2,stopped,
40236,100,40236,1,40335,992576,40337,229,40338,662989,40339,320000,40340,0,40341,10,40347,4,40332,1958400,40335,1497600,40337,0,40338,0,40333,11,40336,10,40337,0,40338,0,40137,2,stopped,
40338,100,40339,1,40435,992156,40437,229,40438,1106963,40438,320000,40439,0,40440,34,40442,12,40433,1958400,40435,960000,40436,0,40437,0,40434,53,40436,10,40436,0,40437,0,40236,2,stopped,
40438,100,40438,1,40540,989804,40550,229,40552,748675,40553,320000,40554,0,40556,18,40559,6,40536,1958400,40543,960000,40548,0,40550,0,40539,22,40548,10,40549,0,40550,0,40338,2,stopped,
40552,100,40552,1,40636,989804,40639,229,40641,958907,40642,320000,40642,0,40643,18,40646,7,40634,1958400,40636,960000,40638,0,40640,0,40635,40,40638,11,40639,0,40640,0,40438,2,stopped,
40641,100,40641,1,40735,989804,40737,229,40738,724378,40739,320000,40740,0,40740,19,40743,5,40734,960000,40736,1958400,40737,0,40738,0,40735,20,40736,18,40737,0,40738,0,40552,2,stopped,
40739,100,40739,1,40836,989804,40838,229,40839,784529,40840,320000,40840,0,40841,15,40844,6,40834,1958400,40836,1958400,40837,0,40838,0,40835,27,40837,0,40838,0,40839,0,40640,2,stopped,
40839,100,40839,1,40936,989804,40938,229,40939,671988,40940,320000,40940,0,40941,21,40944,7,40935,960000,40936,1958400,40938,0,40939,0,40936,33,40937,11,40938,0,40939,0,40738,2,stopped,
40939,100,40940,1,41036,989148,41038,229,41039,1350856,41039,320000,41039,0,41040,42,41042,17,41035,1958400,41037,1958400,41037,0,41038,0,41036,54,41037,22,41038,0,41038,0,40839,2,stopped,
41039,100,41039,1,41137,989148,41139,229,41140,599606,41141,320000,41141,0,41142,5,41144,2,41135,1958400,41137,1958400,41138,0,41139,0,41136,0,41138,11,41139,0,41140,0,40939,2,stopped,
41140,100,41140,1,41239,989148,41243,229,41245,538274,41247,320000,41247,0,41249,25,41253,5,41237,1190400,41240,960000,41242,0,41244,0,41238,0,41242,30,41243,0,41245,0,41038,2,stopped,
41246,100,41246,1,41338,989112,41341,229,41342,1122738,41343,320000,41344,0,41345,42,41347,9,41336,1958400,41338,960000,41340,0,41341,0,41337,50,41340,33,41340,0,41342,0,41140,2,stopped,
41343,100,41343,1,41438,989112,41440,229,41441,1015683,41442,320000,41442,0,41443,20,41445,8,41436,1958400,41438,1958400,41439,0,41440,0,41437,27,41439,20,41440,0,41441,0,41245,2,stopped,
41441,100,41441,1,41538,989112,41540,229,41540,531693,41541,320000,41541,0,41542,15,41544,4,41537,1958400,41538,960000,41539,0,41540,0,41538,0,41539,27,41539,0,41540,0,41342,2,stopped,
41540,100,41540,1,41638,989112,41640,229,41640,807645,41641,320000,41641,0,41642,13,41644,5,41637,1958400,41639,1958400,41639,0,41640,0,41638,9,41639,20,41640,0,41640,0,41441,2,stopped,
41640,100,41641,1,41741,989112,41745,229,41747,582142,41748,320000,41748,0,41749,30,41751,9,41738,960000,41741,960000,41744,0,41746,0,41740,20,41743,30,41744,0,41746,0,41540,2,stopped,
41747,100,41747,1,41840,989112,41843,229,41844,588048,41845,320000,41845,0,41846,9,41848,3,41839,960000,41841,1958400,41842,0,41843,0,41840,0,41842,10,41842,0,41844,0,41640,2,stopped,
41844,100,41844,1,41941,989112,41945,229,41947,1084018,41948,320000,41948,0,41951,42,41958,12,41939,1958400,41942,652800,41944,0,41946,0,41940,50,41943,44,41944,0,41946,0,41747,2,stopped,
41947,100,41947,1,42041,989112,42043,229,42044,667011,42045,320000,42046,0,42046,27,42050,7,42039,1958400,42041,960000,42043,0,42044,0,42040,10,42042,36,42043,0,42044,0,41844,2,stopped,
42044,100,42045,1,42141,989112,42145,229,42147,590756,42148,320000,42149,0,42150,26,42154,6,42139,883200,42142,960000,42144,0,42146,0,42141,16,42143,41,42144,0,42146,0,41946,2,stopped,
42147,100,42147,1,42242,989236,42247,229,42249,471167,42250,320000,42251,0,42252,25,42256,5,42240,960000,42243,300000,42245,0,42248,0,42242,0,42245,41,42246,0,42248,0,42044,2,stopped,
42249,100,42250,1,42342,989236,42345,229,42345,774996,42346,320000,42347,0,42348,21,42351,6,42340,960000,42342,1958400,42344,0,42345,0,42341,22,42343,22,42344,0,42345,0,42146,2,stopped,
42346,100,42346,1,42444,989236,42449,229,42451,631917,42452,320000,42453,0,42454,23,42459,7,42441,960000,42445,1958400,42448,0,42450,0,42443,20,42447,10,42449,0,42450,0,42249,2,stopped,
42451,100,42451,1,42543,989788,42546,229,42548,1737911,42549,320000,42549,0,42550,75,42554,26,42541,960000,42543,1958400,42545,0,42547,0,42542,50,42545,100,42546,0,42547,0,42345,2,stopped,
42548,100,42548,1,42648,990284,42658,229,42661,1707203,42665,320000,42667,0,42670,70,42681,26,42642,960000,42650,1958400,42655,0,42658,0,42647,36,42655,100,42657,0,42660,0,42451,2,stopped,
42663,100,42663,1,42743,990532,42745,229,42746,2298587,42747,320000,42747,0,42748,73,42750,31,42742,1958400,42743,1958400,42745,0,42745,0,42743,58,42744,100,42745,0,42746,0,42547,2,stopped,
42746,100,42746,1,42844,990904,42850,229,42852,1882510,42853,320000,42854,0,42855,65,42859,26,42842,1958400,42846,1958400,42848,0,42850,0,42844,22,42848,100,42850,0,42851,0,42661,2,stopped,
42852,100,42852,1,42944,990904,42947,229,42949,1970509,42950,320000,42951,0,42952,75,42956,31,42942,1497600,42944,1958400,42946,0,42948,0,42943,54,42946,100,42947,0,42948,0,42746,2,stopped,
42949,100,42949,1,43048,991380,43058,229,43063,1718170,43066,320000,43070,0,43072,72,43076,26,43043,960000,43050,1958400,43055,0,43060,0,43046,41,43053,100,43057,0,43061,0,42852,2,stopped,
43063,100,43064,1,43144,992508,43146,229,43148,2148337,43149,320000,43149,0,43150,68,43152,24,43143,1958400,43144,1958400,43145,0,43146,0,43144,90,43145,55,43146,0,43148,0,42948,2,stopped,
43148,100,43149,1,43245,980156,43246,229,43247,2102106,43247,320000,43248,0,43248,70,43250,30,43243,1958400,43245,1958400,43246,0,43247,0,43244,75,43246,66,43246,0,43247,0,43061,2,stopped,
43247,100,43247,1,43346,978112,43350,229,43352,3081557,43353,320000,43353,0,43354,82,43361,37,43344,1958400,43346,1958400,43347,1958400,43350,960000,43345,88,43347,83,43349,50,43352,25,43148,2,stopped,
43352,100,43352,1,43446,975168,43448,229,43449,1486004,43450,320000,43450,0,43451,29,43455,15,43445,1958400,43446,1958400,43447,1958400,43448,960000,43446,45,43447,25,43448,12,43449,30,43247,2,stopped,
43450,100,43450,1,43550,975292,43557,229,43565,701766,43566,200000,43568,0,43570,34,43591,19,43547,1036800,43551,960000,43553,960000,43558,960000,43549,12,43553,25,43557,27,43564,38,43352,2,stopped,
43565,100,43566,1,43647,974552,43649,229,43650,2157698,43651,200000,43651,0,43652,60,43656,30,43646,1958400,43647,960000,43648,1958400,43649,960000,43647,60,43648,70,43649,60,43650,66,43449,2,stopped,
43650,100,43650,1,43750,974552,43757,229,43759,748167,43761,200000,43762,0,43763,20,43769,15,43746,960000,43751,960000,43753,1958400,43757,960000,43750,22,43752,10,43754,10,43759,41,43564,2,stopped,
43760,100,43760,1,43848,974156,43851,229,43852,1282522,43853,200000,43853,0,43854,32,43857,12,43847,1958400,43848,960000,43850,1958400,43851,0,43848,58,43849,11,43851,10,43852,0,43650,2,stopped,
43852,100,43852,1,43950,973412,43955,229,43956,784529,43957,320000,43958,0,43959,13,43961,6,43948,1958400,43951,960000,43953,0,43955,0,43949,27,43953,0,43954,0,43956,0,43759,2,stopped,
43957,100,43957,1,44048,973464,44050,229,44051,814477,44051,320000,44051,0,44052,27,44054,6,44047,1958400,44049,960000,44050,0,44050,0,44048,22,44049,40,44050,0,44050,0,43852,2,stopped,
44051,100,44051,1,44149,973464,44151,229,44152,576491,44153,320000,44155,0,44157,13,44162,4,44147,1958400,44149,960000,44151,0,44152,0,44148,9,44150,0,44151,0,44152,0,43956,2,stopped,
44153,100,44153,1,44250,973464,44254,229,44255,919256,44256,320000,44257,0,44258,22,44261,6,44248,960000,44251,1958400,44253,0,44254,0,44249,14,44252,36,44253,0,44255,0,44051,2,stopped,
44255,100,44256,1,44353,973576,44358,229,44361,555821,44362,320000,44364,0,44365,22,44371,6,44349,960000,44354,960000,44356,0,44359,0,44352,20,44355,18,44357,0,44360,0,44152,2,stopped,
44361,100,44362,1,44453,973576,44456,229,44457,926258,44458,320000,44458,0,44459,31,44463,8,44451,960000,44453,1958400,44455,0,44456,0,44452,33,44455,33,44456,0,44457,0,44255,2,stopped,
44457,100,44457,1,44552,973948,44554,229,44555,2044318,44555,320000,44555,0,44556,66,44558,27,44551,1958400,44552,1958400,44553,0,44554,0,44552,36,44553,100,44554,0,44554,0,44360,2,stopped,
44555,100,44555,1,44652,974196,44654,229,44655,1882510,44655,320000,44656,0,44656,63,44659,26,44651,1958400,44653,1958400,44654,0,44655,0,44652,22,44653,100,44654,0,44655,0,44457,2,stopped,
44655,100,44655,1,44757,974568,44765,229,44767,1683076,44770,320000,44772,0,44777,64,44780,27,44752,960000,44758,1958400,44764,0,44767,0,44755,25,44762,100,44764,0,44767,0,44555,2,stopped,
44769,100,44769,1,44853,974940,44856,229,44857,2206125,44857,320000,44858,0,44858,73,44860,29,44852,1958400,44854,1958400,44855,0,44856,0,44853,50,44855,100,44855,0,44856,0,44655,2,stopped,
44857,100,44857,1,44955,975064,44964,229,44965,1657471,44966,320000,44967,0,44968,61,44973,25,44952,1036800,44956,1958400,44963,0,44964,0,44954,11,44961,100,44963,0,44965,0,44767,2,stopped,
44965,100,44966,1,45054,975728,45056,229,45057,2298587,45057,320000,45057,0,45058,75,45060,31,45053,1958400,45055,1958400,45055,0,45056,0,45054,58,45055,100,45056,0,45056,0,44856,2,stopped,
45057,100,45057,1,,,,,,,,,,,,,,,,,,,,,,,,,,,,,,,44965,2,stopped,
,,,,,,,,,,,,,,,,,,,,,,,,,,,,,,,,,,45056,2,stopped,

System Statistics:
Sensor Id,Name,Type,Average
205,"Battery Remaining (%)",Battery Remaining [%],100.0
206,"Battery Status",Battery Status,1.0
328,"Memory Usage",Memory Usage [KB],988955.8844444444
331,"Screen Brightness",Brightness,242.23111111111112
332,"Battery Power*",Power [uW],1725281.4844444445
400,"GPU Frequency",GPU Frequency [KHz],318933.3333333333
401,"GPU Load",GPU Load [%],0.0
600,"CPU Load",CPU Load [%],49.97555555555556
601,"CPU Load (Normalized)",CPU Load [%],21.108888888888888
1000,"CPU1 Frequency",CPU Frequency [kHz],1828693.3333333333
1001,"CPU2 Frequency",CPU Frequency [kHz],1888154.6666666667
1002,"CPU3 Frequency",CPU Frequency [kHz],83114.66666666667
1003,"CPU4 Frequency",CPU Frequency [kHz],17408.0
1096,"CPU1 Load",CPU Load [%],44.64888888888889
1097,"CPU2 Load",CPU Load [%],55.34444444444444
1098,"CPU3 Load",CPU Load [%],1.508888888888889
1099,"CPU4 Load",CPU Load [%],0.5244444444444445

Application State Statistics:
App State 0,"App State 0",Start Time: 0.00 s,End Time: 3.91 s
Sensor Id,Name,Type,Average
205,"Battery Remaining (%)",Battery Remaining [%],100.0
206,"Battery Status",Battery Status,1.0
328,"Memory Usage",Memory Usage [KB],986387.0769230769
331,"Screen Brightness",Brightness,255.0
332,"Battery Power*",Power [uW],1174213.1282051282
400,"GPU Frequency",GPU Frequency [KHz],320000.0
401,"GPU Load",GPU Load [%],0.0
600,"CPU Load",CPU Load [%],26.63157894736842
601,"CPU Load (Normalized)",CPU Load [%],10.131578947368421
1000,"CPU1 Frequency",CPU Frequency [kHz],1710276.923076923
1001,"CPU2 Frequency",CPU Frequency [kHz],1930830.7692307692
1002,"CPU3 Frequency",CPU Frequency [kHz],0.0
1003,"CPU4 Frequency",CPU Frequency [kHz],0.0
1096,"CPU1 Load",CPU Load [%],31.05128205128205
1097,"CPU2 Load",CPU Load [%],23.0
1098,"CPU3 Load",CPU Load [%],0.0
1099,"CPU4 Load",CPU Load [%],0.0
App State 1,"started",Start Time: 3.91 s,End Time: 36.40 s
Sensor Id,Name,Type,Average
205,"Battery Remaining (%)",Battery Remaining [%],100.0
206,"Battery Status",Battery Status,1.0
328,"Memory Usage",Memory Usage [KB],989860.3456790124
331,"Screen Brightness",Brightness,244.2469135802469
332,"Battery Power*",Power [uW],1868888.4938271604
400,"GPU Frequency",GPU Frequency [KHz],320000.0
401,"GPU Load",GPU Load [%],0.0
600,"CPU Load",CPU Load [%],53.41538461538462
601,"CPU Load (Normalized)",CPU Load [%],23.03076923076923
1000,"CPU1 Frequency",CPU Frequency [kHz],1904118.5185185184
1001,"CPU2 Frequency",CPU Frequency [kHz],1931377.7777777778
1002,"CPU3 Frequency",CPU Frequency [kHz],72651.85185185185
1003,"CPU4 Frequency",CPU Frequency [kHz],9362.962962962964
1096,"CPU1 Load",CPU Load [%],49.416666666666664
1097,"CPU2 Load",CPU Load [%],57.74382716049383
1098,"CPU3 Load",CPU Load [%],1.2777777777777777
1099,"CPU4 Load",CPU Load [%],0.1111111111111111
App State 2,"stopped",Start Time: 36.40 s,End Time: 45.06 s
Sensor Id,Name,Type,Average
205,"Battery Remaining (%)",Battery Remaining [%],100.0
206,"Battery Status",Battery Status,1.0
328,"Memory Usage",Memory Usage [KB],986739.1264367816
331,"Screen Brightness",Brightness,229.0
332,"Battery Power*",Power [uW],1437499.5862068965
400,"GPU Frequency",GPU Frequency [KHz],314482.7586206897
401,"GPU Load",GPU Load [%],0.0
600,"CPU Load",CPU Load [%],47.32183908045977
601,"CPU Load (Normalized)",CPU Load [%],18.724137931034484
1000,"CPU1 Frequency",CPU Frequency [kHz],1600882.7586206896
1001,"CPU2 Frequency",CPU Frequency [kHz],1708055.1724137932
1002,"CPU3 Frequency",CPU Frequency [kHz],159337.93103448275
1003,"CPU4 Frequency",CPU Frequency [kHz],55172.41379310345
1096,"CPU1 Load",CPU Load [%],32.98850574712644
1097,"CPU2 Load",CPU Load [%],60.9080459770115
1098,"CPU3 Load",CPU Load [%],3.045977011494253
1099,"CPU4 Load",CPU Load [%],2.2988505747126435

